group,n_rows,n_cols,n_folds,fits,macro_f1_mean,macro_f1_sd,auc_any_mean,auc_any_sd,auc_repeat_mean,auc_repeat_sd,top10_capture_count_mean,top10_capture_count_sd,delta_macro_f1,delta_macro_f1_sd,delta_auc_any,delta_auc_any_sd,delta_auc_repeat,delta_auc_repeat_sd,delta_top10_capture_count,delta_top10_capture_count_sd,n_dropped
all,19554,57,8,1,0.4441463244806632,0.02899661423915153,0.7437634807126421,0.03163728412932113,0.8292183510370074,0.0704125209172622,0.4135262740112306,0.07810981440274287,0.0,0.0,0.0,0.0,0.0,0.0,0.0,0.0,0
speed,19554,55,8,1,0.43816436112516743,0.04184652459791206,0.7422134370143814,0.0312354582469493,0.8320243926139448,0.06507662545036884,0.4193586924530961,0.07211997583055756,-0.0059819633554957785,0.022880762117907093,-0.001550043698260728,0.005318334562988338,0.0028060415769374236,0.013740184704155967,0.0058324184418654945,0.023431078061056997,2
lanes_width,19554,47,8,1,0.4189224221032648,0.03365653529471843,0.7339334595645991,0.03325060814970241,0.8193959989097085,0.07838367493871401,0.40020373323301056,0.07910013201041176,-0.02522390237739841,0.009204498828179803,-0.009830021148042989,0.010083264183884012,-0.009822352127298872,0.01258906367514714,-0.013322540778220038,0.02113629897792876,10
parking,19554,54,8,1,0.4310677045685823,0.03668815472009163,0.7441646763186374,0.026271275233872553,0.8374823070098079,0.06437315681922888,0.402534762824478,0.06928383573254907,-0.013078619912080924,0.015386192373203976,0.0004011956059952748,0.006543364971312935,0.008263955972800496,0.024675449644500153,-0.010991511186752623,0.016997441418678684,3
bike,19554,42,8,1,0.44047300508990744,0.03564207535332007,0.7393730653641586,0.026390176276178907,0.8154848847211378,0.055455641925974956,0.3991977715725138,0.06828332994511765,-0.0036733193907557693,0.01965335697385918,-0.004390415348483501,0.007963760951065204,-0.01373346631586958,0.019134922204492685,-0.014328502438716806,0.048803681780725854,15
traffic,19554,54,8,1,0.4318808850004911,0.03390545973963878,0.748222118022545,0.035086527516795585,0.8406744983750462,0.0635730356250866,0.41772301237186116,0.07237564187878169,-0.012265439480172113,0.02579868289331181,0.004458637309902924,0.011075619746752469,0.011456147338038791,0.024906813878925595,0.004196738360630559,0.03270952697376958,3
class,19554,52,8,1,0.4283230405227999,0.03301157704474575,0.7384290920911696,0.029855400207924897,0.8291020825857474,0.06093191455785558,0.40276587715158724,0.06654073263790301,-0.01582328395786331,0.01440032335883742,-0.005334388621472508,0.00667738051622455,-0.00011626845126000429,0.022524807634192418,-0.010760396859643362,0.024842928272740955,5
conflicts,19554,53,8,1,0.4449243128289598,0.028777838213986894,0.7433893914592096,0.03060631679692987,0.8331879912584097,0.06669733607437062,0.41299748773783646,0.06606381130787374,0.0007779883482965655,0.006046840202441408,-0.0003740892534325191,0.006605903780657681,0.003969640221402337,0.010515114888452137,-0.000528786273394144,0.02524649100055865,4
calming,19554,54,8,1,0.4448403732030036,0.038903435363915474,0.7455605988845724,0.03198758739244954,0.8291672026976943,0.07097228546405396,0.41421604358086195,0.07294785165389053,0.0006940487223404124,0.023922327507473657,0.0017971181719302898,0.005667657230908019,-5.1148339313078495e-05,0.014333985022026926,0.0006897695696313488,0.02294725279573155,3
pavement,19554,54,8,1,0.4194350666140825,0.036616115845689,0.7396594788885962,0.030140379694385412,0.8177991515468577,0.05934312073944149,0.39174350646795586,0.06204110822313147,-0.024711257866580738,0.021798378363911866,-0.004104001824045911,0.009562136359853597,-0.01141919949014969,0.013095622258928118,-0.02178276754327474,0.040817062176065025,3
sidewalk,19554,56,8,1,0.4291840494874634,0.029106344036427326,0.7427817322894619,0.027424152505148573,0.8337994280544005,0.07105237911814913,0.4195138634401662,0.0885366561315529,-0.014962274993199798,0.016518713643436014,-0.0009817484231802176,0.008858726581995002,0.004581077017393187,0.02140862308068865,0.005987589428935625,0.018407073901225757,1
network,19554,49,8,1,0.41836006907254747,0.03232504870324499,0.705672371875858,0.03147418375484565,0.7730306031906691,0.09469273602054555,0.3586049849121869,0.07385255020804758,-0.025786255408115744,0.012173046263314138,-0.03809110883678413,0.012101732520019583,-0.05618774784633829,0.03825923623660722,-0.0549212890990437,0.018336232052831844,8
