model,decoder,test_ward,accuracy,macro_f1,f1_0,f1_1,f1_2,prec_0,prec_1,prec_2,rec_0,rec_1,rec_2,mae,adjacent_acc,auc_any,auc_repeat,top10_capture_count,top10_capture_length,n,n_pos2
bna,stress3->level1,1,0.5702160493827161,0.3363747580332946,0.7245714285714285,0.2845528455284553,0.0,0.8793342579750347,0.1826086956521739,0.0,0.6161321671525753,0.6441717791411042,0.0,0.4521604938271605,0.9776234567901234,0.6451447352616808,0.650845379452762,0.1489795918367347,0.15306122448979592,1296,104
bna,stress3->level1,2,0.4177777777777778,0.26475603591693236,0.5597602098164106,0.2345078979343864,0.0,0.8686046511627907,0.13884892086330936,0.0,0.4129353233830846,0.75390625,0.0,0.6044444444444445,0.9777777777777777,0.5783497478593428,0.5609907728551796,0.09547738693467336,0.09673366834170855,2250,185
bna,stress3->level1,3,0.727997227997228,0.3225850092088792,0.8408062525709584,0.12694877505567928,0.0,0.983638113570741,0.07054455445544554,0.0,0.7341954022988506,0.6333333333333333,0.0,0.27234927234927236,0.9996534996534997,0.7004310344827587,0.8196764091858036,0.224,0.224,2886,12
bna,stress3->level1,4,0.7047949162333911,0.3329302511320188,0.8243816254416961,0.17440912795436023,0.0,0.9716784673052895,0.10084825636192271,0.0,0.7158637618901503,0.6445783132530121,0.0,0.2978047371461583,0.9974003466204506,0.690444196216011,0.7275754586703493,0.25882352941176473,0.2549019607843137,3462,37
bna,stress3->level1,5,0.6832358674463938,0.32751253076415154,0.8123987034035657,0.1701388888888889,0.0,0.9538534728829686,0.10040983606557377,0.0,0.7074805928016937,0.5568181818181818,0.0,0.32293697205977906,0.9938271604938271,0.6549698045975682,0.7063074066836036,0.22527472527472528,0.21978021978021978,3078,68
bna,stress3->level1,6,0.5146022155085599,0.2789612407007858,0.6724511930585684,0.1644325290437891,0.0,0.896817743490839,0.09694415173867228,0.0,0.5378831694621168,0.5411764705882353,0.0,0.5,0.9853977844914401,0.5607703785053776,0.598736176935229,0.15681818181818183,0.14772727272727273,1986,87
bna,stress3->level1,7,0.7512122342409548,0.32682167236314524,0.8559617058311575,0.12450331125827814,0.0,0.970399605328071,0.07186544342507645,0.0,0.7656675749318801,0.46534653465346537,0.0,0.2510257366654233,0.9977620290936218,0.6149766446087973,0.6057371467483827,0.17037037037037037,0.1925925925925926,2681,11
bna,stress3->level1,8,0.7362924281984334,0.34246941747539733,0.8476696903346888,0.17973856209150327,0.0,0.9790462427745664,0.10357815442561205,0.0,0.7473800330943188,0.6790123456790124,0.0,0.26527415143603134,0.9984334203655353,0.7315331538020613,0.7931437622567507,0.17518248175182483,0.08759124087591241,1915,21
bna_osm_only,stress3->level1,1,0.5432098765432098,0.3287501304587676,0.6925795053003534,0.2936708860759494,0.0,0.8789237668161435,0.1850079744816587,0.0,0.5714285714285714,0.7116564417177914,0.0,0.48302469135802467,0.9737654320987654,0.6340288924558587,0.6028975219411461,0.11836734693877551,0.12448979591836734,1296,104
bna_osm_only,stress3->level1,2,0.43777777777777777,0.2716452705973473,0.5861818181818181,0.22875399361022364,0.0,0.8565356004250797,0.13674560733384264,0.0,0.4455500276395799,0.69921875,0.0,0.588,0.9742222222222222,0.569713789329994,0.5570446960277469,0.08417085427135679,0.08793969849246232,2250,185
bna_osm_only,stress3->level1,3,0.737006237006237,0.3258943259065373,0.8467989363878093,0.13088404133180254,0.0,0.9833729216152018,0.07298335467349552,0.0,0.7435344827586207,0.6333333333333333,0.0,0.2636867636867637,0.9993069993069993,0.7001986139283298,0.7825330549756437,0.232,0.232,2886,12
bna_osm_only,stress3->level1,4,0.7102830733679953,0.33296803047703055,0.8287623066104078,0.1701417848206839,0.0,0.9703581720872787,0.09874152952565343,0.0,0.7232279840441853,0.6144578313253012,0.0,0.2920277296360485,0.997689196995956,0.6842740905442601,0.7453225488261983,0.22745098039215686,0.22745098039215686,3462,37
bna_osm_only,stress3->level1,5,0.7069525666016894,0.3341819025686643,0.8292877039395146,0.17325800376647835,0.0,0.9507299270072993,0.1038374717832957,0.0,0.7353563867325336,0.5227272727272727,0.0,0.30084470435347627,0.9922027290448343,0.6463667179564306,0.6836623021301543,0.22802197802197802,0.21428571428571427,3078,68
bna_osm_only,stress3->level1,6,0.47129909365558914,0.26199973593235404,0.6263982102908278,0.1596009975062344,0.0,0.881427072402938,0.09293320425943853,0.0,0.48582995951417,0.5647058823529412,0.0,0.5483383685800605,0.9803625377643505,0.5230706217804313,0.5165150442156489,0.1590909090909091,0.13863636363636364,1986,87
bna_osm_only,stress3->level1,7,0.752704214845207,0.32586261846590786,0.8572669997827503,0.12032085561497326,0.0,0.9700098328416913,0.0695517774343122,0.0,0.7680031140521604,0.44554455445544555,0.0,0.24916076091010816,0.9981350242446848,0.6116801284546516,0.6526898195437522,0.16296296296296298,0.17037037037037037,2681,11
bna_osm_only,stress3->level1,8,0.7493472584856397,0.34353256191886555,0.8554663372452131,0.17513134851138354,0.0,0.9719298245614035,0.10204081632653061,0.0,0.7639271924986211,0.6172839506172839,0.0,0.25535248041775455,0.9953002610966057,0.6858851648767615,0.6595263237290692,0.2116788321167883,0.0948905109489051,1915,21
lts_coarse,lts>=3->level1,1,0.5084876543209876,0.3032306477093207,0.6646919431279621,0.245,0.0,0.8512898330804249,0.15384615384615385,0.0,0.5451895043731778,0.6012269938650306,0.0,0.5169753086419753,0.9745370370370371,0.5890741529356526,0.6039300464636035,0.12040816326530612,0.12040816326530612,1296,104
lts_coarse,lts>=3->level1,2,0.3893333333333333,0.2459127864005913,0.526829268292683,0.2109090909090909,0.0,0.8200934579439252,0.12482065997130559,0.0,0.3880597014925373,0.6796875,0.0,0.6426666666666667,0.968,0.5194266761430941,0.49523591387998167,0.07914572864321608,0.07914572864321608,2250,185
lts_coarse,lts>=3->level1,3,0.6157311157311157,0.28557212804633025,0.7574486868241006,0.09926769731489016,0.0,0.9822552947910704,0.053555750658472345,0.0,0.6163793103448276,0.6777777777777778,0.0,0.38496188496188494,0.9993069993069993,0.6562288708586883,0.7202505219206681,0.12,0.104,2886,12
lts_coarse,lts>=3->level1,4,0.6724436741767764,0.31692009141373206,0.8006465517241379,0.15011372251705837,0.0,0.9653529666522304,0.08586296617519515,0.0,0.6839521325559987,0.5963855421686747,0.0,0.33131138070479493,0.9962449451184286,0.6449317313026299,0.6595068060761492,0.19607843137254902,0.18823529411764706,3462,37
lts_coarse,lts>=3->level1,5,0.5981156595191683,0.29595809246609267,0.7458208315473639,0.1420534458509142,0.0,0.9497816593886463,0.08105939004815409,0.0,0.6139731827805223,0.5738636363636364,0.0,0.4074074074074074,0.9944769330734243,0.6184620012263267,0.6764950166112957,0.1978021978021978,0.16483516483516483,3078,68
lts_coarse,lts>=3->level1,6,0.5130916414904331,0.27439527284495807,0.6724137931034483,0.15077202543142598,0.0,0.8872037914691943,0.08915145005370569,0.0,0.5413533834586466,0.48823529411764705,0.0,0.5030211480362538,0.9838872104733132,0.5391591820016968,0.5854442447022934,0.1590909090909091,0.14772727272727273,1986,87
lts_coarse,lts>=3->level1,7,0.6415516598284222,0.290243682359624,0.777751919944147,0.09297912713472485,0.0,0.9670138888888888,0.05141657922350472,0.0,0.6504476449980537,0.48514851485148514,0.0,0.360313315926893,0.9981350242446848,0.5707595367847411,0.5953864487572352,0.0962962962962963,0.0962962962962963,2681,11
lts_coarse,lts>=3->level1,8,0.5822454308093995,0.2833910873960788,0.7309679641749914,0.11920529801324503,0.0,0.9733944954128441,0.06545454545454546,0.0,0.5852178709321566,0.6666666666666666,0.0,0.41879895561357705,0.9989556135770234,0.6504520727209804,0.7396037612510686,0.072992700729927,0.06569343065693431,1915,21
fusion,thresholds,1,0.7507716049382716,0.5140581087461972,0.867704280155642,0.2228571428571428,0.4516129032258064,0.8685491723466408,0.2085561497326203,0.5121951219512195,0.8668610301263362,0.2392638036809816,0.4038461538461538,0.2885802469135802,0.960648148148148,0.7704764088621002,0.8497918817759421,0.4489795918367347,0.3918367346938775,1296,104
fusion,thresholds,2,0.6648888888888889,0.4527205411979909,0.8104179285281647,0.2365308804204993,0.3112128146453089,0.8961821835231079,0.1782178217821782,0.2698412698412698,0.7396351575456053,0.3515625,0.3675675675675676,0.412,0.9231111111111112,0.7611539179887913,0.7985472154963681,0.3090452261306532,0.2663316582914573,2250,185
fusion,thresholds,3,0.9081774081774082,0.4487365216211114,0.9534155772417604,0.1858974358974359,0.2068965517241379,0.978088401964488,0.1306306306306306,0.1764705882352941,0.929956896551724,0.3222222222222222,0.25,0.0956340956340956,0.996188496188496,0.8095454417399144,0.9714683368128044,0.568,0.48,2886,12
fusion,thresholds,4,0.91421143847487,0.4532878610378358,0.9581295843520784,0.1130742049469964,0.2886597938144329,0.954337899543379,0.1367521367521367,0.2333333333333333,0.9619515188708192,0.0963855421686747,0.3783783783783784,0.0990756787983824,0.9867128827267476,0.7651611225904165,0.8852160189386468,0.4431372549019607,0.403921568627451,3462,37
fusion,thresholds,5,0.8918128654970761,0.4201369692508346,0.9465782122905028,0.1612903225806451,0.1525423728813559,0.9367657221838286,0.1865671641791045,0.18,0.9565984474241356,0.1420454545454545,0.1323529411764706,0.1319038336582196,0.9762833008447044,0.7845208070617906,0.8377369552472151,0.4285714285714285,0.3626373626373626,3078,68
fusion,thresholds,6,0.7517623363544814,0.4593576177841081,0.865378718184606,0.1779661016949152,0.3347280334728033,0.921018276762402,0.1390728476821192,0.2631578947368421,0.8160786581839213,0.2470588235294117,0.4597701149425287,0.3011077542799597,0.947129909365559,0.7367025765551263,0.8134166197575251,0.4590909090909091,0.3886363636363636,1986,87
fusion,thresholds,7,0.8567698619917941,0.4284278999822438,0.9231083844580776,0.1670533642691415,0.1951219512195122,0.972425678586816,0.109090909090909,0.1333333333333333,0.8785519657454263,0.3564356435643564,0.3636363636363636,0.1525550167847818,0.990675121223424,0.7277359172551855,0.8471569628873,0.3555555555555555,0.3037037037037037,2681,11
fusion,thresholds,8,0.9211488250652742,0.4730541445859078,0.9605734767025088,0.2085889570552147,0.25,0.960308710033076,0.2073170731707317,0.2631578947368421,0.960838389409818,0.2098765432098765,0.238095238095238,0.0903394255874673,0.9885117493472584,0.8005202080832333,0.8999346306632474,0.4671532846715328,0.3941605839416058,1915,21
