variant,table,ref_lts_group,bna_stress,n_subblocks,length_km,share_of_subblocks,share_of_km
fused,coarse_2x2,LTS<=2,1,10106,834.80272109903,0.5168252020047049,0.4765807893833119
fused,coarse_2x2,LTS<=2,3,1170,95.1698279935,0.059834305001534215,0.054331533192541887
fused,coarse_2x2,LTS>=3,1,2504,266.39979989896,0.12805564078960827,0.15208506599050928
fused,coarse_2x2,LTS>=3,3,5774,555.27761192962,0.2952848522041526,0.31700261143363695
fused,ref_lts_x_bna,1,1,393,33.16540098189,0.020098189628720467,0.018933806252277644
fused,ref_lts_x_bna,1,3,1,0.031240807199999998,5.114043162524292e-05,1.7835074299645993e-05
fused,ref_lts_x_bna,2,1,9713,801.63732011714,0.49672701237598443,0.45764698313103425
fused,ref_lts_x_bna,2,3,1169,95.1385871863,0.05978316456990897,0.05431369811824225
fused,ref_lts_x_bna,3,1,1635,150.76137923905998,0.08361460570727217,0.0860682114592014
fused,ref_lts_x_bna,3,3,615,58.11866247239,0.03145136544952439,0.03317938159392767
fused,ref_lts_x_bna,4,1,869,115.6384206599,0.04444103508233609,0.06601685453130786
fused,ref_lts_x_bna,4,3,5159,497.15894945723,0.2638334867546282,0.28382322983970926
fused,agreement,all,agree,15880,1390.0803330286499,0.8121100542088575,0.7935834008169488
fused,agreement,all,disagree,3674,361.56962789245995,0.1878899457911425,0.20641659918305114
fused,agreement,LTS<=2 but BNA 3,3,1170,95.1698279935,0.059834305001534215,0.054331533192541887
fused,agreement,LTS>=3 but BNA 1,1,2504,266.39979989896,0.12805564078960827,0.15208506599050928
osm,coarse_2x2,LTS<=2,1,9792,805.1491169217801,0.5007671064743786,0.4596518339191411
osm,coarse_2x2,LTS<=2,3,1484,124.82343217075,0.07589240053186048,0.0712604886567127
osm,coarse_2x2,LTS>=3,1,2956,308.43428048894,0.15117111588421805,0.1760821439043386
osm,coarse_2x2,LTS>=3,3,5322,513.2431313396401,0.2721693771095428,0.2930055335198076
osm,ref_lts_x_bna,1,1,352,29.768858016060005,0.018001431932085508,0.016994752764648232
osm,ref_lts_x_bna,1,3,42,3.42778377303,0.0021478981282602025,0.001956888561929057
osm,ref_lts_x_bna,2,1,9440,775.38025890572,0.48276567454229313,0.4426570811544928
osm,ref_lts_x_bna,2,3,1442,121.39564839772001,0.07374450240360028,0.06930360009478365
osm,ref_lts_x_bna,3,1,1779,163.25456052993,0.09097882786130715,0.09320044767624812
osm,ref_lts_x_bna,3,3,471,45.62548118152,0.024087143295489413,0.026047145376880958
osm,ref_lts_x_bna,4,1,1177,145.17971995901001,0.06019228802291091,0.08288169622809048
osm,ref_lts_x_bna,4,3,4851,467.61765015812,0.2480822338140534,0.26695838814292666
osm,agreement,all,agree,15114,1318.39224826142,0.7729364835839214,0.7526573674389487
osm,agreement,all,disagree,4440,433.25771265968996,0.22706351641607855,0.24734263256105127
osm,agreement,LTS<=2 but BNA 3,3,1484,124.82343217075,0.07589240053186048,0.0712604886567127
osm,agreement,LTS>=3 but BNA 1,1,2956,308.43428048894,0.15117111588421805,0.1760821439043386
