group,n_subblocks,crashes,auc_model,top10_model,auc_lts,top10_lts,auc_bna,top10_bna
ward 1,1296,490,0.7704764088621002,0.4489795918367347,0.5968195732011371,0.15714285714285714,0.6508518870362484,0.15510204081632653
ward 2,2250,796,0.7611539179887913,0.30904522613065327,0.5223968341712951,0.12060301507537688,0.5699532070060381,0.114321608040201
ward 3,2886,125,0.8095454417399144,0.568,0.6978321501014199,0.312,0.6947226448050485,0.184
ward 4,3462,255,0.7651611225904165,0.44313725490196076,0.6549048712394778,0.2549019607843137,0.692672205956374,0.1843137254901961
ward 5,3078,364,0.7845208070617906,0.42857142857142855,0.6346283998750535,0.23351648351648352,0.656654557654708,0.2032967032967033
ward 6,1986,440,0.7367025765551263,0.4590909090909091,0.5266848654110583,0.125,0.549250258240633,0.15681818181818183
ward 7,2681,135,0.7277359172551855,0.35555555555555557,0.5752377245175999,0.2074074074074074,0.5985062281043206,0.13333333333333333
ward 8,1915,137,0.8005202080832333,0.46715328467153283,0.6959702800038935,0.22627737226277372,0.7579301991066697,0.2846715328467153
local streets (FHWA 7),12179,516,0.6781454212303304,0.26744186046511625,0.4922457443406646,0.1065891472868217,0.5338259441707717,0.1686046511627907
collectors (FHWA 5-6),2805,420,0.6684641608367711,0.25,0.46524616785178263,0.04047619047619048,0.5601429247075483,0.12380952380952381
arterials (FHWA 3-4),4303,1806,0.7054920088220189,0.3001107419712071,0.46540892474092876,0.08139534883720931,0.4742566240671924,0.08361018826135105
has bike facility,2154,922,0.731288508677383,0.368763557483731,0.5299775000534515,0.2039045553145336,0.4994434753299216,0.09869848156182212
no bike facility,17400,1820,0.781682832004284,0.47417582417582416,0.6936171079077927,0.23296703296703297,0.6956320891719587,0.22802197802197802
