fold,test_ward,n_test,model,decoder,accuracy,macro_f1,f1_0,f1_1,f1_2,prec_0,prec_1,prec_2,rec_0,rec_1,rec_2,mae,adjacent_acc,auc_any,auc_repeat,top10_capture_count,top10_capture_length,n,n_pos2,weights
0,1,1296,m0,argmax,0.7939814814814815,0.2950537634408602,0.8851612903225806,0.0,0.0,0.7939814814814815,0.0,0.0,1.0,0.0,0.0,0.2862654320987654,0.9197530864197531,0.5,0.5,0.12244897959183673,0.1306122448979592,1296,104,
0,1,1296,m1,argmax,0.4861111111111111,0.31132164846207794,0.6646919431279621,0.057803468208092484,0.2114695340501792,0.8512898330804249,0.0546448087431694,0.1299559471365639,0.5451895043731778,0.06134969325153374,0.5673076923076923,0.7762345679012346,0.7376543209876543,0.6198538270310798,0.6255041623644811,0.18979591836734694,0.1816326530612245,1296,104,
0,1,1296,spf,argmax,0.7939814814814815,0.2950537634408602,0.8851612903225806,0.0,0.0,0.7939814814814815,0.0,0.0,1.0,0.0,0.0,0.2862654320987654,0.9197530864197531,0.7397167534750657,0.7947131517811048,0.363265306122449,0.22653061224489796,1296,104,
0,1,1296,spf,bias,0.753858024691358,0.3916788080936738,0.8718186024988431,0.1782178217821782,0.125,0.8321554770318021,0.19285714285714287,0.3333333333333333,0.9154518950437318,0.1656441717791411,0.07692307692307693,0.3001543209876543,0.9459876543209876,0.7397167534750657,0.7947131517811048,0.363265306122449,0.22653061224489796,1296,104,
0,1,1296,spf,thresholds,0.7615740740740741,0.3908996174562566,0.8754578754578755,0.15770609318996415,0.13953488372093023,0.8277056277056277,0.1896551724137931,0.36,0.9290573372206026,0.13496932515337423,0.08653846153846154,0.29552469135802467,0.9429012345679012,0.7397167534750657,0.7947131517811048,0.363265306122449,0.22653061224489796,1296,104,
0,1,1296,gbm,argmax,0.7870370370370371,0.3889883482359971,0.890282131661442,0.15702479338842976,0.11965811965811966,0.8255813953488372,0.24050632911392406,0.5384615384615384,0.9659863945578231,0.1165644171779141,0.0673076923076923,0.26851851851851855,0.9444444444444444,0.746705102586781,0.8371273231801756,0.43673469387755104,0.39591836734693875,1296,104,
0,1,1296,gbm,bias,0.7322530864197531,0.4796613676274237,0.853515625,0.19435736677115986,0.39111111111111113,0.8577036310107949,0.1987179487179487,0.36363636363636365,0.8493683187560739,0.1901840490797546,0.4230769230769231,0.33719135802469136,0.9305555555555556,0.746705102586781,0.8371273231801756,0.43673469387755104,0.39591836734693875,1296,104,
0,1,1296,gbm,thresholds,0.7291666666666666,0.4836799472626951,0.8543403629230014,0.22727272727272727,0.36942675159235666,0.8623762376237624,0.19313304721030042,0.5471698113207547,0.8464528668610302,0.27607361963190186,0.27884615384615385,0.3055555555555556,0.9652777777777778,0.746705102586781,0.8371273231801756,0.43673469387755104,0.39591836734693875,1296,104,
0,1,1296,fusion,argmax,0.7932098765432098,0.3194964413904466,0.8887923544743701,0.03333333333333333,0.03636363636363636,0.8036135113904164,0.17647058823529413,0.3333333333333333,0.9941690962099126,0.018404907975460124,0.019230769230769232,0.279320987654321,0.9274691358024691,0.7519245258295935,0.8381679143004646,0.45918367346938777,0.3877551020408163,1296,104,"{""gbm"": 0.67, ""spf"": 0.33}"
0,1,1296,fusion,bias,0.7492283950617284,0.45694923455482933,0.871599045346062,0.19692307692307692,0.3023255813953488,0.8564727954971857,0.19753086419753085,0.38235294117647056,0.8872691933916423,0.19631901840490798,0.25,0.3001543209876543,0.9506172839506173,0.7519245258295935,0.8381679143004646,0.45918367346938777,0.3877551020408163,1296,104,"{""gbm"": 0.67, ""spf"": 0.33}"
0,1,1296,fusion,thresholds,0.7399691358024691,0.5084616408355516,0.8592447278077489,0.22284122562674094,0.44329896907216493,0.8673267326732673,0.20408163265306123,0.4777777777777778,0.8513119533527697,0.24539877300613497,0.41346153846153844,0.30478395061728397,0.9552469135802469,0.7519245258295935,0.8381679143004646,0.45918367346938777,0.3877551020408163,1296,104,"{""gbm"": 0.67, ""spf"": 0.33}"
0,1,1296,fusion_equal,argmax,0.7955246913580247,0.306030877489684,0.8870689655172413,0.011976047904191617,0.01904761904761905,0.7970565453137103,0.25,1.0,1.0,0.006134969325153374,0.009615384615384616,0.2816358024691358,0.9228395061728395,0.7535405815616777,0.8366029943211152,0.45714285714285713,0.3795918367346939,1296,104,"{""gbm"": 0.5, ""spf"": 0.5}"
0,1,1296,fusion_equal,bias,0.7569444444444444,0.4425525216368828,0.8758848513449741,0.2215568862275449,0.2302158273381295,0.8513761467889909,0.21637426900584794,0.45714285714285713,0.901846452866861,0.22699386503067484,0.15384615384615385,0.2854938271604938,0.9575617283950617,0.7535405815616777,0.8366029943211152,0.45714285714285713,0.3795918367346939,1296,104,"{""gbm"": 0.5, ""spf"": 0.5}"
0,1,1296,fusion_equal,thresholds,0.7777777777777778,0.4881390279692586,0.8861940298507462,0.19112627986348124,0.3870967741935484,0.852017937219731,0.2153846153846154,0.5882352941176471,0.923226433430515,0.17177914110429449,0.28846153846153844,0.26157407407407407,0.9606481481481481,0.7535405815616777,0.8366029943211152,0.45714285714285713,0.3795918367346939,1296,104,"{""gbm"": 0.5, ""spf"": 0.5}"
0,1,1296,fusion_valsel,argmax,0.7947530864197531,0.30999053790664816,0.8880242109814094,0.023255813953488372,0.018691588785046728,0.7998442367601246,0.2222222222222222,0.3333333333333333,0.9980563654033042,0.012269938650306749,0.009615384615384616,0.2808641975308642,0.9243827160493827,0.7527179946349861,0.8377968508002066,0.46530612244897956,0.3877551020408163,1296,104,"{""gbm"": 0.6, ""spf"": 0.4}"
0,1,1296,fusion_valsel,bias,0.75,0.46163270013344976,0.8714763497372193,0.20307692307692307,0.3103448275862069,0.8571428571428571,0.2037037037037037,0.38571428571428573,0.8862973760932945,0.20245398773006135,0.25961538461538464,0.3001543209876543,0.9498456790123457,0.7527179946349861,0.8377968508002066,0.46530612244897956,0.3877551020408163,1296,104,"{""gbm"": 0.6, ""spf"": 0.4}"
0,1,1296,fusion_valsel,thresholds,0.7445987654320988,0.5058120520377953,0.8622871046228711,0.23848238482384823,0.4166666666666667,0.8635477582846004,0.21359223300970873,0.546875,0.8610301263362488,0.26993865030674846,0.33653846153846156,0.29398148148148145,0.9614197530864198,0.7527179946349861,0.8377968508002066,0.46530612244897956,0.3877551020408163,1296,104,"{""gbm"": 0.6, ""spf"": 0.4}"
1,2,2250,m0,argmax,0.804,0.29711751662971175,0.8913525498891353,0.0,0.0,0.804,0.0,0.0,1.0,0.0,0.0,0.2782222222222222,0.9177777777777778,0.5,0.5,0.06909547738693467,0.07412060301507538,2250,185,
1,2,2250,m1,argmax,0.3671111111111111,0.25452205145671436,0.526829268292683,0.07692307692307693,0.15981380915438323,0.8200934579439252,0.07241379310344828,0.09329710144927536,0.3880597014925373,0.08203125,0.5567567567567567,1.0417777777777777,0.5911111111111111,0.5445066178304747,0.5198808978469995,0.08417085427135679,0.08417085427135679,2250,185,
1,2,2250,spf,argmax,0.7813333333333333,0.35749559354568866,0.8794110180248794,0.046357615894039736,0.14671814671814673,0.8131455399061033,0.15217391304347827,0.25675675675675674,0.9574350469872858,0.02734375,0.10270270270270271,0.30933333333333335,0.9093333333333333,0.720669767814994,0.7652823768078005,0.2449748743718593,0.10175879396984924,2250,185,
1,2,2250,spf,bias,0.6862222222222222,0.423236321169141,0.8250216200634188,0.1882770870337478,0.2564102564102564,0.8620481927710844,0.17263843648208468,0.21201413427561838,0.7910447761194029,0.20703125,0.32432432432432434,0.42444444444444446,0.8893333333333333,0.720669767814994,0.7652823768078005,0.2449748743718593,0.10175879396984924,2250,185,
1,2,2250,spf,thresholds,0.6844444444444444,0.42466617130851564,0.8238356956899046,0.19182948490230906,0.25833333333333336,0.8640776699029126,0.1758957654723127,0.21016949152542372,0.7871752349364289,0.2109375,0.33513513513513515,0.4288888888888889,0.8866666666666667,0.720669767814994,0.7652823768078005,0.2449748743718593,0.10175879396984924,2250,185,
1,2,2250,gbm,argmax,0.7617777777777778,0.43546008892987365,0.8772874058127018,0.21304347826086956,0.21604938271604937,0.854745673833246,0.24019607843137256,0.2517985611510791,0.9010503040353787,0.19140625,0.1891891891891892,0.31555555555555553,0.9226666666666666,0.7421327477001488,0.7688567502126824,0.30527638190954776,0.2776381909547739,2250,185,
1,2,2250,gbm,bias,0.748,0.4383245265480675,0.8676872607982504,0.23853211009174313,0.20875420875420875,0.8583017847485127,0.22491349480968859,0.2767857142857143,0.8772802653399668,0.25390625,0.16756756756756758,0.31955555555555554,0.9324444444444444,0.7421327477001488,0.7688567502126824,0.30527638190954776,0.2776381909547739,2250,185,
1,2,2250,gbm,thresholds,0.712,0.4448417368742997,0.8442926273840022,0.23161189358372458,0.25862068965517243,0.8703051643192489,0.19321148825065274,0.27607361963190186,0.8197899391929243,0.2890625,0.24324324324324326,0.35777777777777775,0.9302222222222222,0.7421327477001488,0.7688567502126824,0.30527638190954776,0.2776381909547739,2250,185,
1,2,2250,fusion,argmax,0.7906666666666666,0.42545279446687895,0.8904428904428905,0.14647887323943662,0.23943661971830985,0.8377192982456141,0.26262626262626265,0.3434343434343434,0.9502487562189055,0.1015625,0.1837837837837838,0.284,0.9253333333333333,0.7505142466052203,0.7861815326222106,0.3165829145728643,0.24371859296482412,2250,185,"{""gbm"": 0.67, ""spf"": 0.33}"
1,2,2250,fusion,bias,0.7724444444444445,0.4503982169378336,0.8811114079615282,0.23555555555555555,0.23452768729641693,0.8526370217166495,0.27319587628865977,0.29508196721311475,0.9115533443891652,0.20703125,0.1945945945945946,0.3022222222222222,0.9253333333333333,0.7505142466052203,0.7861815326222106,0.3165829145728643,0.24371859296482412,2250,185,"{""gbm"": 0.67, ""spf"": 0.33}"
1,2,2250,fusion,thresholds,0.6911111111111111,0.46108244642785357,0.8265336072791312,0.22635658914728682,0.33035714285714285,0.8811013767209012,0.18766066838046272,0.2813688212927757,0.7783305693753455,0.28515625,0.4,0.396,0.9128888888888889,0.7505142466052203,0.7861815326222106,0.3165829145728643,0.24371859296482412,2250,185,"{""gbm"": 0.67, ""spf"": 0.33}"
1,2,2250,fusion_equal,argmax,0.7955555555555556,0.4014474938170182,0.891726251276813,0.09968847352024922,0.21292775665399238,0.8286663502610346,0.24615384615384617,0.358974358974359,0.9651741293532339,0.0625,0.15135135135135136,0.28044444444444444,0.924,0.7498310914562987,0.7887991623584844,0.30527638190954776,0.22738693467336685,2250,185,"{""gbm"": 0.5, ""spf"": 0.5}"
1,2,2250,fusion_equal,bias,0.7462222222222222,0.44907701059159927,0.8645833333333334,0.22983870967741934,0.25280898876404495,0.8575312669929309,0.2375,0.2631578947368421,0.8717523493642897,0.22265625,0.24324324324324326,0.3377777777777778,0.916,0.7498310914562987,0.7887991623584844,0.30527638190954776,0.22738693467336685,2250,185,"{""gbm"": 0.5, ""spf"": 0.5}"
1,2,2250,fusion_equal,thresholds,0.6831111111111111,0.4579928701482383,0.8214391471720462,0.23699421965317918,0.31554524361948955,0.8845663265306123,0.18807339449541285,0.2764227642276423,0.7667219458264234,0.3203125,0.3675675675675676,0.39911111111111114,0.9177777777777778,0.7498310914562987,0.7887991623584844,0.30527638190954776,0.22738693467336685,2250,185,"{""gbm"": 0.5, ""spf"": 0.5}"
1,2,2250,fusion_valsel,argmax,0.7893333333333333,0.42747993634491294,0.8899273104880582,0.15846994535519127,0.23404255319148937,0.8389623103279491,0.2636363636363636,0.3402061855670103,0.9474847982310669,0.11328125,0.1783783783783784,0.28444444444444444,0.9262222222222222,0.7502648009636875,0.7851030691708657,0.3178391959798995,0.24246231155778894,2250,185,"{""gbm"": 0.7, ""spf"": 0.3}"
1,2,2250,fusion_valsel,bias,0.7453333333333333,0.4618101689781247,0.8636237897648686,0.26570915619389585,0.25609756097560976,0.8643410852713178,0.24584717607973422,0.2937062937062937,0.8629076838032061,0.2890625,0.22702702702702704,0.32755555555555554,0.9271111111111111,0.7502648009636875,0.7851030691708657,0.3178391959798995,0.24246231155778894,2250,185,"{""gbm"": 0.7, ""spf"": 0.3}"
1,2,2250,fusion_valsel,thresholds,0.6751111111111111,0.45244216985799857,0.8165574746873139,0.21176470588235294,0.329004329004329,0.8850871530019367,0.16981132075471697,0.2743682310469314,0.75787728026534,0.28125,0.41081081081081083,0.41155555555555556,0.9133333333333333,0.7502648009636875,0.7851030691708657,0.3178391959798995,0.24246231155778894,2250,185,"{""gbm"": 0.7, ""spf"": 0.3}"
2,3,2886,m0,argmax,0.9646569646569647,0.327336860670194,0.982010582010582,0.0,0.0,0.9646569646569647,0.0,0.0,1.0,0.0,0.0,0.0395010395010395,0.9958419958419958,0.5,0.5,0.08,0.072,2886,12,
2,3,2886,m1,argmax,0.5994455994455995,0.2682537290690949,0.7574486868241006,0.026455026455026454,0.02085747392815759,0.9822552947910704,0.017361111111111112,0.010575793184488837,0.6163793103448276,0.05555555555555555,0.75,0.6735966735966736,0.726957726957727,0.6801998816768087,0.7454911853398284,0.224,0.176,2886,12,
2,3,2886,spf,argmax,0.9525294525294525,0.3378000773696959,0.9760170545389945,0.037383177570093455,0.0,0.9655536028119508,0.11764705882352941,0.0,0.9867097701149425,0.022222222222222223,0.0,0.059251559251559255,0.9882189882189882,0.7437070374126662,0.943922523776386,0.488,0.168,2886,12,
2,3,2886,spf,bias,0.8977823977823978,0.39138906078266716,0.9477570611039321,0.15498154981549817,0.07142857142857142,0.974933535890619,0.11602209944751381,0.041666666666666664,0.9220545977011494,0.23333333333333334,0.25,0.12508662508662508,0.9771309771309772,0.7437070374126662,0.943922523776386,0.488,0.168,2886,12,
2,3,2886,spf,thresholds,0.8925848925848926,0.3866196994095545,0.9451851851851852,0.15217391304347827,0.0625,0.9755351681957186,0.11290322580645161,0.03571428571428571,0.9166666666666666,0.23333333333333334,0.25,0.13374913374913375,0.9736659736659736,0.7437070374126662,0.943922523776386,0.488,0.168,2886,12,
2,3,2886,gbm,argmax,0.9507969507969508,0.43836515053465225,0.9758713136729222,0.15172413793103448,0.1875,0.9711846318036286,0.2,0.15,0.9806034482758621,0.12222222222222222,0.25,0.05578655578655579,0.9934164934164934,0.7871415089024116,0.9612328926003247,0.528,0.456,2886,12,
2,3,2886,gbm,bias,0.9151074151074151,0.4369061558708656,0.9570305357469373,0.14960629921259844,0.20408163265306123,0.9746741154562384,0.11585365853658537,0.13513513513513514,0.9400143678160919,0.2111111111111111,0.4166666666666667,0.09494109494109494,0.98995148995149,0.7871415089024116,0.9612328926003247,0.528,0.456,2886,12,
2,3,2886,gbm,thresholds,0.9282744282744283,0.44482349908119195,0.9644024700326916,0.17959183673469387,0.19047619047619047,0.9753857457751653,0.14193548387096774,0.2222222222222222,0.9536637931034483,0.24444444444444444,0.16666666666666666,0.07380457380457381,0.997920997920998,0.7871415089024116,0.9612328926003247,0.528,0.456,2886,12,
2,3,2886,fusion,argmax,0.954954954954955,0.38408464208857196,0.9777698737328828,0.0975609756097561,0.07692307692307693,0.9682986967241987,0.18181818181818182,0.07142857142857142,0.9874281609195402,0.06666666666666667,0.08333333333333333,0.05162855162855163,0.9934164934164934,0.7869478251070542,0.9661621433542101,0.568,0.424,2886,12,"{""gbm"": 0.67, ""spf"": 0.33}"
2,3,2886,fusion,bias,0.8704088704088704,0.38610081291448584,0.9327320556181886,0.13861386138613863,0.08695652173913043,0.9779353821907013,0.08917197452229299,0.058823529411764705,0.8915229885057471,0.3111111111111111,0.16666666666666666,0.1386001386001386,0.990990990990991,0.7869478251070542,0.9661621433542101,0.568,0.424,2886,12,"{""gbm"": 0.67, ""spf"": 0.33}"
2,3,2886,fusion,thresholds,0.9071379071379071,0.418023983504553,0.9532744665194997,0.16286644951140064,0.13793103448275862,0.976998491704374,0.1152073732718894,0.11764705882352941,0.9306752873563219,0.2777777777777778,0.16666666666666666,0.09667359667359668,0.9961884961884961,0.7869478251070542,0.9661621433542101,0.568,0.424,2886,12,"{""gbm"": 0.67, ""spf"": 0.33}"
2,3,2886,fusion_equal,argmax,0.9587664587664587,0.37894667717362746,0.9794326241134752,0.07407407407407407,0.08333333333333333,0.9670868347338936,0.2222222222222222,0.08333333333333333,0.9920977011494253,0.044444444444444446,0.08333333333333333,0.04781704781704782,0.9934164934164934,0.7830706276763579,0.9649153328694038,0.56,0.344,2886,12,"{""gbm"": 0.5, ""spf"": 0.5}"
2,3,2886,fusion_equal,bias,0.8887733887733887,0.38730673777932506,0.9431649331352154,0.14328358208955225,0.07547169811320754,0.9765384615384616,0.09795918367346938,0.04878048780487805,0.9119971264367817,0.26666666666666666,0.16666666666666666,0.12300762300762301,0.9882189882189882,0.7830706276763579,0.9649153328694038,0.56,0.344,2886,12,"{""gbm"": 0.5, ""spf"": 0.5}"
2,3,2886,fusion_equal,thresholds,0.8846153846153846,0.39986271123173966,0.9413960432997387,0.15819209039548024,0.1,0.9797979797979798,0.10606060606060606,0.0625,0.9058908045977011,0.3111111111111111,0.25,0.1275121275121275,0.9878724878724878,0.7830706276763579,0.9649153328694038,0.56,0.344,2886,12,"{""gbm"": 0.5, ""spf"": 0.5}"
2,3,2886,fusion_valsel,argmax,0.9553014553014553,0.40809289253957864,0.9777698737328828,0.09836065573770492,0.14814814814814814,0.9682986967241987,0.1875,0.13333333333333333,0.9874281609195402,0.06666666666666667,0.16666666666666666,0.05128205128205128,0.9934164934164934,0.7875359195402297,0.9663651125028996,0.568,0.424,2886,12,"{""gbm"": 0.7, ""spf"": 0.3}"
2,3,2886,fusion_valsel,bias,0.8974358974358975,0.4049210810197013,0.9473684210526315,0.1423948220064725,0.125,0.9749144811858609,0.1004566210045662,0.08333333333333333,0.9213362068965517,0.24444444444444444,0.25,0.11330561330561331,0.9892584892584892,0.7875359195402297,0.9663651125028996,0.568,0.424,2886,12,"{""gbm"": 0.7, ""spf"": 0.3}"
2,3,2886,fusion_valsel,thresholds,0.9047124047124047,0.4181317091732279,0.9519071310116086,0.16455696202531644,0.13793103448275862,0.9772985244040863,0.11504424778761062,0.11764705882352941,0.927801724137931,0.28888888888888886,0.16666666666666666,0.0990990990990991,0.9961884961884961,0.7875359195402297,0.9663651125028996,0.568,0.424,2886,12,"{""gbm"": 0.7, ""spf"": 0.3}"
3,4,3462,m0,argmax,0.9413633737723859,0.32326538709517433,0.969796161285523,0.0,0.0,0.9413633737723859,0.0,0.0,1.0,0.0,0.0,0.06932409012131716,0.989312536106297,0.5,0.5,0.12156862745098039,0.12549019607843137,3462,37,
3,4,3462,m1,argmax,0.6539572501444252,0.300828976811372,0.8006465517241379,0.0482897384305835,0.05355064027939464,0.9653529666522304,0.03625377643504532,0.027980535279805353,0.6839521325559987,0.07228915662650602,0.6216216216216216,0.5554592720970537,0.7905834777585211,0.6643731568660942,0.6863010455711186,0.20392156862745098,0.1803921568627451,3462,37,
3,4,3462,spf,argmax,0.9413633737723859,0.32326538709517433,0.969796161285523,0.0,0.0,0.9413633737723859,0.0,0.0,1.0,0.0,0.0,0.06932409012131716,0.989312536106297,0.7457544624435252,0.8409706056421385,0.38823529411764707,0.2235294117647059,3462,37,
3,4,3462,spf,bias,0.8965915655690352,0.4072068109529294,0.9477255204317656,0.14545454545454545,0.12844036697247707,0.9525728456292623,0.14634146341463414,0.09722222222222222,0.9429272783062289,0.14457831325301204,0.1891891891891892,0.12536106296938185,0.9780473714615829,0.7457544624435252,0.8409706056421385,0.38823529411764707,0.2235294117647059,3462,37,
3,4,3462,spf,thresholds,0.8965915655690352,0.4082571428717994,0.9477255204317656,0.1437125748502994,0.13333333333333333,0.9525728456292623,0.14285714285714285,0.10294117647058823,0.9429272783062289,0.14457831325301204,0.1891891891891892,0.12420566146735991,0.9792027729636048,0.7457544624435252,0.8409706056421385,0.38823529411764707,0.2235294117647059,3462,37,
3,4,3462,gbm,argmax,0.9283651068746389,0.4216575229827355,0.9651531151003168,0.037914691943127965,0.2619047619047619,0.9492581602373887,0.08888888888888889,0.23404255319148937,0.9815894446149126,0.024096385542168676,0.2972972972972973,0.08463316002310803,0.987001733102253,0.7495930178951202,0.8798106135332413,0.4549019607843137,0.42745098039215684,3462,37,
3,4,3462,gbm,bias,0.9090121317157712,0.4348619166461621,0.9557088122605364,0.1103448275862069,0.23853211009174313,0.9546846295162278,0.12903225806451613,0.18055555555555555,0.9567351948450445,0.0963855421686747,0.35135135135135137,0.10745233968804159,0.9835355285961872,0.7495930178951202,0.8798106135332413,0.4549019607843137,0.42745098039215684,3462,37,
3,4,3462,gbm,thresholds,0.8989023685730791,0.4491846243447874,0.9504950495049505,0.14705882352941177,0.25,0.9585023400936038,0.14367816091954022,0.18072289156626506,0.9426204357164775,0.15060240963855423,0.40540540540540543,0.11842865395725015,0.9826689774696707,0.7495930178951202,0.8798106135332413,0.4549019607843137,0.42745098039215684,3462,37,
3,4,3462,fusion,argmax,0.9373194685153091,0.3692273646462128,0.9693343305908751,0.011363636363636364,0.12698412698412698,0.9457092819614711,0.1,0.15384615384615385,0.9941699907947223,0.006024096385542169,0.10810810810810811,0.07510109763142692,0.987579433853264,0.7578301543131034,0.8790846320773329,0.4549019607843137,0.4235294117647059,3462,37,"{""gbm"": 0.67, ""spf"": 0.33}"
3,4,3462,fusion,bias,0.9133448873483535,0.43270908593473556,0.9581167838581474,0.11194029850746269,0.22807017543859648,0.954614681693573,0.14705882352941177,0.16883116883116883,0.9616446762810679,0.09036144578313253,0.35135135135135137,0.10456383593298671,0.9820912767186597,0.7578301543131034,0.8790846320773329,0.4549019607843137,0.4235294117647059,3462,37,"{""gbm"": 0.67, ""spf"": 0.33}"
3,4,3462,fusion,thresholds,0.9084344309647603,0.45255673384872974,0.955439459127228,0.1390728476821192,0.2631578947368421,0.9569098184056632,0.15441176470588236,0.19480519480519481,0.9539736115372813,0.12650602409638553,0.40540540540540543,0.10803004043905257,0.9835355285961872,0.7578301543131034,0.8790846320773329,0.4549019607843137,0.4235294117647059,3462,37,"{""gbm"": 0.67, ""spf"": 0.33}"
3,4,3462,fusion_equal,argmax,0.940785673021375,0.35171851865942544,0.970049172999553,0.0,0.0851063829787234,0.9429316338354577,0.0,0.2,0.9987726296409942,0.0,0.05405405405405406,0.07047949162333911,0.988734835355286,0.7589502053426889,0.8766778457289406,0.4549019607843137,0.39215686274509803,3462,37,"{""gbm"": 0.5, ""spf"": 0.5}"
3,4,3462,fusion_equal,bias,0.9104563835932987,0.4291952583127718,0.9560422729361311,0.1524390243902439,0.1791044776119403,0.954434250764526,0.15432098765432098,0.2,0.9576557226142989,0.15060240963855423,0.16216216216216217,0.09878682842287695,0.9907567879838244,0.7589502053426889,0.8766778457289406,0.4549019607843137,0.39215686274509803,3462,37,"{""gbm"": 0.5, ""spf"": 0.5}"
3,4,3462,fusion_equal,thresholds,0.8890814558058926,0.44670434755751326,0.9449112978524743,0.1475826972010178,0.24761904761904763,0.958635933059678,0.1277533039647577,0.19117647058823528,0.9315741024854249,0.1746987951807229,0.35135135135135137,0.12507221259387638,0.985846331600231,0.7589502053426889,0.8766778457289406,0.4549019607843137,0.39215686274509803,3462,37,"{""gbm"": 0.5, ""spf"": 0.5}"
3,4,3462,fusion_valsel,argmax,0.9413633737723859,0.32326538709517433,0.969796161285523,0.0,0.0,0.9413633737723859,0.0,0.0,1.0,0.0,0.0,0.06932409012131716,0.989312536106297,0.7530461306847125,0.855813769974354,0.4117647058823529,0.23137254901960785,3462,37,"{""gbm"": 0.1, ""spf"": 0.9}"
3,4,3462,fusion_valsel,bias,0.9020797227036396,0.3815011620128441,0.9523370233702337,0.13953488372093023,0.05263157894736842,0.9543913713405239,0.1348314606741573,0.05128205128205128,0.9502915004602639,0.14457831325301204,0.05405405405405406,0.11034084344309647,0.987579433853264,0.7530461306847125,0.855813769974354,0.4117647058823529,0.23137254901960785,3462,37,"{""gbm"": 0.1, ""spf"": 0.9}"
3,4,3462,fusion_valsel,thresholds,0.8934142114384749,0.4328476439170906,0.9466831990080595,0.158311345646438,0.1935483870967742,0.9564672721578453,0.14084507042253522,0.16071428571428573,0.9370972691009513,0.18072289156626506,0.24324324324324326,0.12102830733679953,0.9855574812247256,0.7530461306847125,0.855813769974354,0.4117647058823529,0.23137254901960785,3462,37,"{""gbm"": 0.1, ""spf"": 0.9}"
4,5,3078,m0,argmax,0.9207277452891488,0.31957600360847993,0.9587280108254398,0.0,0.0,0.9207277452891488,0.0,0.0,1.0,0.0,0.0,0.10136452241715399,0.9779077322936972,0.5,0.5,0.10164835164835165,0.09340659340659341,3078,68,
4,5,3078,m1,argmax,0.583170890188434,0.29221238602599203,0.7458208315473639,0.04081632653061224,0.09,0.9497816593886463,0.03184713375796178,0.048283261802575105,0.6139731827805223,0.056818181818181816,0.6617647058823529,0.6809616634178037,0.7358674463937622,0.6385575621550955,0.6973519640414305,0.21428571428571427,0.20604395604395603,3078,68,
4,5,3078,spf,argmax,0.9204028589993503,0.31951728415947667,0.95855185247843,0.0,0.0,0.9207019824504388,0.0,0.0,0.9996471418489767,0.0,0.0,0.10201429499675113,0.9775828460038987,0.7618901627775142,0.8008256791088528,0.42032967032967034,0.23626373626373626,3078,68,
4,5,3078,spf,bias,0.8596491228070176,0.42427710344203534,0.9295169946332738,0.16231884057971013,0.18099547511312217,0.9426705370101597,0.16568047337278108,0.13071895424836602,0.9167254763585039,0.1590909090909091,0.29411764705882354,0.18680961663417803,0.9535412605588044,0.7618901627775142,0.8008256791088528,0.42032967032967034,0.23626373626373626,3078,68,
4,5,3078,spf,thresholds,0.8736192332683561,0.43193792612477244,0.9360042545647935,0.20266666666666666,0.15714285714285714,0.9405058781617385,0.19095477386934673,0.1527777777777778,0.9315455187014821,0.2159090909090909,0.16176470588235295,0.15562053281351526,0.9707602339181286,0.7618901627775142,0.8008256791088528,0.42032967032967034,0.23626373626373626,3078,68,
4,5,3078,gbm,argmax,0.905458089668616,0.3425555001767977,0.952544115127634,0.056074766355140186,0.01904761904761905,0.9257409257409257,0.15789473684210525,0.02702702702702703,0.9809456598447425,0.03409090909090909,0.014705882352941176,0.12345679012345678,0.9710851202079273,0.7373137371727385,0.7619503615399649,0.37362637362637363,0.3241758241758242,3078,68,
4,5,3078,gbm,bias,0.8921377517868746,0.41254020146803555,0.9455557488258828,0.11940298507462686,0.17266187050359713,0.932418524871355,0.17391304347826086,0.16901408450704225,0.9590684544812985,0.09090909090909091,0.17647058823529413,0.13905133203378817,0.9688109161793372,0.7373137371727385,0.7619503615399649,0.37362637362637363,0.3241758241758242,3078,68,
4,5,3078,gbm,thresholds,0.8918128654970761,0.38949470758492416,0.9467826086956522,0.11643835616438356,0.10526315789473684,0.9334705075445816,0.14655172413793102,0.13043478260869565,0.9604798870853917,0.09659090909090909,0.08823529411764706,0.13255360623781676,0.9756335282651072,0.7373137371727385,0.7619503615399649,0.37362637362637363,0.3241758241758242,3078,68,
4,5,3078,fusion,argmax,0.9165042235217674,0.32645206155139933,0.9573781626761759,0.02197802197802198,0.0,0.9227495908346972,0.3333333333333333,0.0,0.9947071277346506,0.011363636363636364,0.0,0.10916179337231968,0.9743339831059129,0.7691772620521304,0.8047488762947039,0.40934065934065933,0.32142857142857145,3078,68,"{""gbm"": 0.67, ""spf"": 0.33}"
4,5,3078,fusion,bias,0.9038336582196231,0.389538248389923,0.9517906336088154,0.09401709401709402,0.12280701754385964,0.9293880295897781,0.1896551724137931,0.15217391304347827,0.9752999294283698,0.0625,0.10294117647058823,0.12345679012345678,0.9727095516569201,0.7691772620521304,0.8047488762947039,0.40934065934065933,0.32142857142857145,3078,68,"{""gbm"": 0.67, ""spf"": 0.33}"
4,5,3078,fusion,thresholds,0.8827160493827161,0.4007735903282586,0.9419400105244694,0.15028901734104047,0.11009174311926606,0.9365190094175095,0.15294117647058825,0.14634146341463414,0.94742413549753,0.14772727272727273,0.08823529411764706,0.13905133203378817,0.9782326185834957,0.7691772620521304,0.8047488762947039,0.40934065934065933,0.32142857142857145,3078,68,"{""gbm"": 0.67, ""spf"": 0.33}"
4,5,3078,fusion_equal,argmax,0.9194282001299545,0.319341006544798,0.9580230196343941,0.0,0.0,0.9206245933636955,0.0,0.0,0.9985885673959068,0.0,0.0,0.10396361273554255,0.9766081871345029,0.7750008676839778,0.8124584717607974,0.41208791208791207,0.33516483516483514,3078,68,"{""gbm"": 0.5, ""spf"": 0.5}"
4,5,3078,fusion_equal,bias,0.8937621832358674,0.3992959343206312,0.9462179042331714,0.11721611721611722,0.13445378151260504,0.9307167235494881,0.16494845360824742,0.1568627450980392,0.9622441778405081,0.09090909090909091,0.11764705882352941,0.1341780376868096,0.9720597790773229,0.7750008676839778,0.8124584717607974,0.41208791208791207,0.33516483516483514,3078,68,"{""gbm"": 0.5, ""spf"": 0.5}"
4,5,3078,fusion_equal,thresholds,0.8765432098765432,0.41453704511685957,0.9388908512892971,0.16879795396419436,0.13592233009708737,0.9398868458274399,0.15348837209302327,0.2,0.9378969654199012,0.1875,0.10294117647058823,0.14132553606237816,0.9821312540610786,0.7750008676839778,0.8124584717607974,0.41208791208791207,0.33516483516483514,3078,68,"{""gbm"": 0.5, ""spf"": 0.5}"
4,5,3078,fusion_valsel,argmax,0.9204028589993503,0.31951728415947667,0.95855185247843,0.0,0.0,0.9207019824504388,0.0,0.0,0.9996471418489767,0.0,0.0,0.10201429499675113,0.9775828460038987,0.7763183011904624,0.8143541137385186,0.4230769230769231,0.32142857142857145,3078,68,"{""gbm"": 0.4, ""spf"": 0.6}"
4,5,3078,fusion_valsel,bias,0.900909681611436,0.3893105847105928,0.949766960124288,0.1348314606741573,0.08333333333333333,0.9297059817505914,0.1978021978021978,0.14285714285714285,0.970712773465067,0.10227272727272728,0.058823529411764705,0.12313190383365821,0.9759584145549057,0.7763183011904624,0.8143541137385186,0.4230769230769231,0.32142857142857145,3078,68,"{""gbm"": 0.4, ""spf"": 0.6}"
4,5,3078,fusion_valsel,thresholds,0.8836907082521117,0.41188849391407084,0.9429524311040899,0.14985590778097982,0.14285714285714285,0.9381767376877401,0.15204678362573099,0.18181818181818182,0.9477769936485533,0.14772727272727273,0.11764705882352941,0.13677712800519817,0.97953216374269,0.7763183011904624,0.8143541137385186,0.4230769230769231,0.32142857142857145,3078,68,"{""gbm"": 0.4, ""spf"": 0.6}"
5,6,1986,m0,argmax,0.8705941591137966,0.31027366532077166,0.9308209959623149,0.0,0.0,0.8705941591137966,0.0,0.0,1.0,0.0,0.0,0.1732124874118832,0.9561933534743202,0.5,0.5,0.12272727272727273,0.10454545454545454,1986,87,
5,6,1986,m1,argmax,0.5030211480362538,0.29159824849480026,0.6724137931034483,0.08333333333333333,0.11904761904761904,0.8872037914691943,0.06870229007633588,0.06726457399103139,0.5413533834586466,0.10588235294117647,0.5172413793103449,0.7945619335347432,0.702416918429003,0.5505105175389835,0.600878865464582,0.20681818181818182,0.19545454545454546,1986,87,
5,6,1986,spf,argmax,0.8700906344410876,0.3175726372924649,0.9304956896551724,0.0,0.022222222222222223,0.8709026727181038,0.0,0.3333333333333333,0.9988432620011567,0.0,0.011494252873563218,0.17421953675730112,0.9556898288016112,0.7329488042164675,0.835666684825044,0.44772727272727275,0.2159090909090909,1986,87,
5,6,1986,spf,bias,0.8393756294058409,0.45077133705665484,0.9202733485193622,0.2289156626506024,0.203125,0.9063376332024677,0.2345679012345679,0.3170731707317073,0.9346443030653557,0.2235294117647059,0.14942528735632185,0.19234642497482377,0.9682779456193353,0.7329488042164675,0.835666684825044,0.44772727272727275,0.2159090909090909,1986,87,
5,6,1986,spf,thresholds,0.8444108761329305,0.4490628913501627,0.9216850438224484,0.22077922077922077,0.2047244094488189,0.9015486725663717,0.2463768115942029,0.325,0.9427414690572585,0.2,0.14942528735632185,0.1903323262839879,0.9652567975830816,0.7329488042164675,0.835666684825044,0.44772727272727275,0.2159090909090909,1986,87,
5,6,1986,gbm,argmax,0.8373615307150051,0.441338800974217,0.9171614362454057,0.145985401459854,0.2608695652173913,0.8971238938053098,0.19230769230769232,0.28378378378378377,0.9381145170618855,0.11764705882352941,0.2413793103448276,0.20745216515609266,0.9551863041289023,0.7239492025484243,0.787910152348786,0.42272727272727273,0.38181818181818183,1986,87,
5,6,1986,gbm,bias,0.771399798590131,0.43946379041728606,0.8755236385397965,0.21730382293762576,0.22556390977443608,0.9070055796652201,0.1651376146788991,0.32608695652173914,0.8461538461538461,0.3176470588235294,0.1724137931034483,0.26132930513595165,0.9672708962739174,0.7239492025484243,0.787910152348786,0.42272727272727273,0.38181818181818183,1986,87,
5,6,1986,gbm,thresholds,0.7114803625377644,0.42333147112976466,0.8401883830455259,0.14634146341463414,0.28346456692913385,0.9189560439560439,0.10743801652892562,0.2155688622754491,0.7738577212261423,0.22941176470588234,0.41379310344827586,0.34793554884189326,0.9405840886203424,0.7239492025484243,0.787910152348786,0.42272727272727273,0.38181818181818183,1986,87,
5,6,1986,fusion,argmax,0.8705941591137966,0.42528648733358043,0.9334793320558445,0.07253886010362694,0.2698412698412698,0.8861746361746362,0.30434782608695654,0.4358974358974359,0.9861191440138809,0.041176470588235294,0.19540229885057472,0.1686807653575025,0.9607250755287009,0.7381923830828193,0.8150327153432236,0.43636363636363634,0.39090909090909093,1986,87,"{""gbm"": 0.67, ""spf"": 0.33}"
5,6,1986,fusion,bias,0.7366565961732124,0.42979793236546815,0.8520455244540142,0.21512605042016808,0.2222222222222222,0.9099868593955321,0.15058823529411763,0.358974358974359,0.8010410641989589,0.3764705882352941,0.16091954022988506,0.29154078549848944,0.9718026183282981,0.7381923830828193,0.8150327153432236,0.43636363636363634,0.39090909090909093,1986,87,"{""gbm"": 0.67, ""spf"": 0.33}"
5,6,1986,fusion,thresholds,0.7547834843907352,0.44743926931946826,0.86924718073758,0.17355371900826447,0.2995169082125604,0.9188144329896907,0.1337579617834395,0.25833333333333336,0.8247541931752458,0.24705882352941178,0.3563218390804598,0.2890231621349446,0.9561933534743202,0.7381923830828193,0.8150327153432236,0.43636363636363634,0.39090909090909093,1986,87,"{""gbm"": 0.67, ""spf"": 0.33}"
5,6,1986,fusion_equal,argmax,0.8746223564954683,0.3850104813836032,0.9339469409853817,0.011560693641618497,0.20952380952380953,0.8778625954198473,0.3333333333333333,0.6111111111111112,0.9976865240023135,0.0058823529411764705,0.12643678160919541,0.1646525679758308,0.9607250755287009,0.7444396684617861,0.8281309582175738,0.44545454545454544,0.34545454545454546,1986,87,"{""gbm"": 0.5, ""spf"": 0.5}"
5,6,1986,fusion_equal,bias,0.7502517623363545,0.44039157723368255,0.8620268620268621,0.22105263157894736,0.23809523809523808,0.9127343244990304,0.1575,0.38461538461538464,0.816657027183343,0.37058823529411766,0.1724137931034483,0.2759315206445116,0.973816717019134,0.7444396684617861,0.8281309582175738,0.44545454545454544,0.34545454545454546,1986,87,"{""gbm"": 0.5, ""spf"": 0.5}"
5,6,1986,fusion_equal,thresholds,0.7452165156092648,0.45070085966465157,0.8628536285362853,0.17836812144212524,0.31088082901554404,0.9212081418253447,0.13165266106442577,0.2830188679245283,0.8114517061885483,0.27647058823529413,0.3448275862068966,0.29154078549848944,0.9632426988922457,0.7444396684617861,0.8281309582175738,0.44545454545454544,0.34545454545454546,1986,87,"{""gbm"": 0.5, ""spf"": 0.5}"
5,6,1986,fusion_valsel,argmax,0.8726082578046325,0.395500868182921,0.9336595976073954,0.0546448087431694,0.1981981981981982,0.8809645972293484,0.38461538461538464,0.4583333333333333,0.9930595720069404,0.029411764705882353,0.12643678160919541,0.16767371601208458,0.959718026183283,0.7409221947415682,0.8208312905158794,0.43636363636363634,0.3840909090909091,1986,87,"{""gbm"": 0.6, ""spf"": 0.4}"
5,6,1986,fusion_valsel,bias,0.7643504531722054,0.44724194810110357,0.8710359408033826,0.22641509433962265,0.24427480916030533,0.911504424778761,0.16666666666666666,0.36363636363636365,0.8340080971659919,0.35294117647058826,0.1839080459770115,0.2648539778449144,0.9707955689828801,0.7409221947415682,0.8208312905158794,0.43636363636363634,0.3840909090909091,1986,87,"{""gbm"": 0.6, ""spf"": 0.4}"
5,6,1986,fusion_valsel,thresholds,0.7668680765357503,0.45321939370450837,0.8768115942028986,0.17672413793103448,0.30612244897959184,0.9172457359444094,0.13945578231292516,0.27522935779816515,0.8397917871602082,0.2411764705882353,0.3448275862068966,0.27391742195367574,0.959214501510574,0.7409221947415682,0.8208312905158794,0.43636363636363634,0.3840909090909091,1986,87,"{""gbm"": 0.6, ""spf"": 0.4}"
6,7,2681,m0,argmax,0.95822454308094,0.32622222222222225,0.9786666666666667,0.0,0.0,0.95822454308094,0.0,0.0,1.0,0.0,0.0,0.04587840358075345,0.9958970533383066,0.5,0.5,0.08148148148148149,0.08148148148148149,2681,11,
6,7,2681,m1,argmax,0.628496829541216,0.27859901090870065,0.777751919944147,0.04,0.01804511278195489,0.9670138888888888,0.026755852842809364,0.009174311926605505,0.6504476449980537,0.07920792079207921,0.5454545454545454,0.5997762029093622,0.7717269675494218,0.586088250013902,0.6259278175008511,0.15555555555555556,0.14074074074074075,2681,11,
6,7,2681,spf,argmax,0.9541215964192465,0.36949013305350525,0.9768686675587842,0.03636363636363636,0.09523809523809523,0.9598046581517656,0.2222222222222222,0.1,0.9945504087193461,0.019801980198019802,0.09090909090909091,0.05221932114882506,0.9936590824319284,0.7198986542846021,0.8172625127681308,0.34814814814814815,0.2518518518518518,2681,11,
6,7,2681,spf,bias,0.8604998135024244,0.37677336030540026,0.9268887083671812,0.125,0.0784313725490196,0.9690021231422505,0.08936170212765958,0.04395604395604396,0.888283378746594,0.2079207920792079,0.36363636363636365,0.16933979858261844,0.9701603879149571,0.7198986542846021,0.8172625127681308,0.34814814814814815,0.2518518518518518,2681,11,
6,7,2681,spf,thresholds,0.856396866840731,0.38459369014427436,0.9238289205702648,0.128686327077748,0.10126582278481013,0.9688167449807774,0.08823529411764706,0.058823529411764705,0.8828337874659401,0.2376237623762376,0.36363636363636365,0.1659828422230511,0.9776202909362178,0.7198986542846021,0.8172625127681308,0.34814814814814815,0.2518518518518518,2681,11,
6,7,2681,gbm,argmax,0.9530026109660574,0.42238190339781995,0.9766193944039862,0.08,0.21052631578947367,0.9618724046810117,0.20833333333333334,0.25,0.9918256130790191,0.04950495049504951,0.18181818181818182,0.051100335695635955,0.9958970533383066,0.6838854751709948,0.7754170922710248,0.34814814814814815,0.2962962962962963,2681,11,
6,7,2681,gbm,bias,0.8825065274151436,0.3762361484423385,0.9390121975604879,0.10273972602739725,0.08695652173913043,0.9654605263157895,0.07853403141361257,0.05172413793103448,0.9139743090696769,0.1485148514851485,0.2727272727272727,0.1372622155911973,0.9802312569936591,0.6838854751709948,0.7754170922710248,0.34814814814814815,0.2962962962962963,2681,11,
6,7,2681,gbm,thresholds,0.9145841104065647,0.41916279090252456,0.9563679245283019,0.13445378151260504,0.16666666666666666,0.9658594680428741,0.11678832116788321,0.12,0.9470611132736473,0.15841584158415842,0.2727272727272727,0.09399477806788512,0.9914211115255501,0.6838854751709948,0.7754170922710248,0.34814814814814815,0.2962962962962963,2681,11,
6,7,2681,fusion,argmax,0.9571055576277508,0.42715102138436106,0.9784227611227803,0.03636363636363636,0.26666666666666666,0.9602698650674663,0.2222222222222222,0.5,0.997275204359673,0.019801980198019802,0.18181818181818182,0.04625139873181649,0.9966430436404327,0.7017113384863481,0.78682328907048,0.32592592592592595,0.28888888888888886,2681,11,"{""gbm"": 0.67, ""spf"": 0.33}"
6,7,2681,fusion,bias,0.9369638194703469,0.41020119829413143,0.9684414327202323,0.1,0.16216216216216217,0.9634052388289677,0.13559322033898305,0.11538461538461539,0.9735305566368236,0.07920792079207921,0.2727272727272727,0.07236105930622902,0.990675121223424,0.7017113384863481,0.78682328907048,0.32592592592592595,0.28888888888888886,2681,11,"{""gbm"": 0.67, ""spf"": 0.33}"
6,7,2681,fusion,thresholds,0.9242819843342036,0.39012762645373583,0.9621832358674464,0.0748663101604278,0.13333333333333333,0.9636860601327606,0.08139534883720931,0.08823529411764706,0.9606850914752822,0.06930693069306931,0.2727272727272727,0.08690787019768743,0.988810145468109,0.7017113384863481,0.78682328907048,0.32592592592592595,0.28888888888888886,2681,11,"{""gbm"": 0.67, ""spf"": 0.33}"
6,7,2681,fusion_equal,argmax,0.9574785527788139,0.38051148908332655,0.9784392291547415,0.0380952380952381,0.125,0.9595808383233533,0.5,0.2,0.9980537173997664,0.019801980198019802,0.09090909090909091,0.047370384185005596,0.9951510630361805,0.7080645609742535,0.79244126659857,0.362962962962963,0.2814814814814815,2681,11,"{""gbm"": 0.5, ""spf"": 0.5}"
6,7,2681,fusion_equal,bias,0.9265199552405818,0.4018531979999596,0.9629773967264225,0.10465116279069768,0.13793103448275862,0.9641045649629341,0.1267605633802817,0.0851063829787234,0.9618528610354223,0.0891089108910891,0.36363636363636365,0.08951883625512869,0.9839612085042895,0.7080645609742535,0.79244126659857,0.362962962962963,0.2814814814814815,2681,11,"{""gbm"": 0.5, ""spf"": 0.5}"
6,7,2681,fusion_equal,thresholds,0.9123461395001865,0.39989487468790924,0.9557522123893806,0.11059907834101383,0.13333333333333333,0.965818759936407,0.10344827586206896,0.08163265306122448,0.9458933437135072,0.1188118811881188,0.36363636363636365,0.10331965684446102,0.9843342036553525,0.7080645609742535,0.79244126659857,0.362962962962963,0.2814814814814815,2681,11,"{""gbm"": 0.5, ""spf"": 0.5}"
6,7,2681,fusion_valsel,argmax,0.9571055576277508,0.42715102138436106,0.9784227611227803,0.03636363636363636,0.26666666666666666,0.9602698650674663,0.2222222222222222,0.5,0.997275204359673,0.019801980198019802,0.18181818181818182,0.04625139873181649,0.9966430436404327,0.7002099204804538,0.7857337419135173,0.34074074074074073,0.28888888888888886,2681,11,"{""gbm"": 0.7, ""spf"": 0.3}"
6,7,2681,fusion_valsel,bias,0.9216710182767625,0.41857403934692505,0.960297281439468,0.11764705882352941,0.17777777777777778,0.9650157232704403,0.11650485436893204,0.11764705882352941,0.955624756714675,0.1188118811881188,0.36363636363636365,0.08951883625512869,0.988810145468109,0.7002099204804538,0.7857337419135173,0.34074074074074073,0.28888888888888886,2681,11,"{""gbm"": 0.7, ""spf"": 0.3}"
6,7,2681,fusion_valsel,thresholds,0.9179410667661321,0.4136192612922666,0.9586355616545775,0.11555555555555555,0.16666666666666666,0.9656398104265402,0.10483870967741936,0.12,0.9517321915142078,0.12871287128712872,0.2727272727272727,0.08989183140619172,0.9921671018276762,0.7002099204804538,0.7857337419135173,0.34074074074074073,0.28888888888888886,2681,11,"{""gbm"": 0.7, ""spf"": 0.3}"
7,8,1915,m0,argmax,0.9467362924281985,0.3242131616595136,0.9726394849785408,0.0,0.0,0.9467362924281985,0.0,0.0,1.0,0.0,0.0,0.06422976501305483,0.9890339425587468,0.5,0.5,0.051094890510948905,0.051094890510948905,1915,21,
7,8,1915,m1,argmax,0.5650130548302872,0.27046488076420366,0.7309679641749914,0.016483516483516484,0.06394316163410302,0.9733944954128441,0.01060070671378092,0.033210332103321034,0.5852178709321566,0.037037037037037035,0.8571428571428571,0.6830287206266319,0.7519582245430809,0.6973870629332815,0.7968270729622366,0.145985401459854,0.072992700729927,1915,21,
7,8,1915,spf,argmax,0.9467362924281985,0.3242131616595136,0.9726394849785408,0.0,0.0,0.9467362924281985,0.0,0.0,1.0,0.0,0.0,0.06422976501305483,0.9890339425587468,0.7449087743205389,0.8671493940765325,0.4306569343065693,0.15328467153284672,1915,21,
7,8,1915,spf,bias,0.875195822454308,0.3967364607706803,0.9366157328805885,0.1518987341772152,0.1016949152542373,0.9616502033701336,0.11538461538461539,0.07894736842105263,0.9128516271373415,0.2222222222222222,0.14285714285714285,0.14464751958224542,0.9801566579634464,0.7449087743205389,0.8671493940765325,0.4306569343065693,0.15328467153284672,1915,21,
7,8,1915,spf,thresholds,0.8595300261096606,0.4055338942093096,0.9275694245634125,0.16,0.12903225806451613,0.9642857142857143,0.1134020618556701,0.0975609756097561,0.8935466078323221,0.2716049382716049,0.19047619047619047,0.16031331592689296,0.9801566579634464,0.7449087743205389,0.8671493940765325,0.4306569343065693,0.15328467153284672,1915,21,
7,8,1915,gbm,argmax,0.9430809399477806,0.4514718713570673,0.9716139497161395,0.0970873786407767,0.2857142857142857,0.9528101802757158,0.22727272727272727,0.5714285714285714,0.9911748483177054,0.06172839506172839,0.19047619047619047,0.06527415143603134,0.991644908616188,0.7771162519061678,0.8643837682908433,0.44525547445255476,0.38686131386861317,1915,21,
7,8,1915,gbm,bias,0.9263707571801567,0.438277376138075,0.9635716242125445,0.15126050420168066,0.2,0.9570184983677911,0.23684210526315788,0.15384615384615385,0.9702151130722559,0.1111111111111111,0.2857142857142857,0.09451697127937336,0.97911227154047,0.7771162519061678,0.8643837682908433,0.44525547445255476,0.38686131386861317,1915,21,
7,8,1915,gbm,thresholds,0.9289817232375979,0.45503370814238214,0.9647251845775225,0.15037593984962405,0.25,0.9566160520607375,0.19230769230769232,0.2631578947368421,0.972972972972973,0.12345679012345678,0.23809523809523808,0.08302872062663186,0.9879895561357702,0.7771162519061678,0.8643837682908433,0.44525547445255476,0.38686131386861317,1915,21,
7,8,1915,fusion,argmax,0.9472584856396867,0.35460318234667576,0.9729004561309365,0.0,0.09090909090909091,0.9472309299895507,0.0,1.0,1.0,0.0,0.047619047619047616,0.06318537859007833,0.9895561357702349,0.7802418264603138,0.8779101925881229,0.46715328467153283,0.38686131386861317,1915,21,"{""gbm"": 0.67, ""spf"": 0.33}"
7,8,1915,fusion,bias,0.9274151436031332,0.4597514077529121,0.9641194193371679,0.140625,0.27450980392156865,0.9575625680087051,0.19148936170212766,0.23333333333333334,0.9707666850523994,0.1111111111111111,0.3333333333333333,0.08772845953002611,0.9848563968668407,0.7802418264603138,0.8779101925881229,0.46715328467153283,0.38686131386861317,1915,21,"{""gbm"": 0.67, ""spf"": 0.33}"
7,8,1915,fusion,thresholds,0.9211488250652742,0.4380913091309131,0.9614961496149615,0.1527777777777778,0.2,0.9588590235874932,0.1746031746031746,0.1724137931034483,0.9641478212906784,0.13580246913580246,0.23809523809523808,0.09399477806788512,0.9848563968668407,0.7802418264603138,0.8779101925881229,0.46715328467153283,0.38686131386861317,1915,21,"{""gbm"": 0.67, ""spf"": 0.33}"
7,8,1915,fusion_equal,argmax,0.9467362924281985,0.3242131616595136,0.9726394849785408,0.0,0.0,0.9467362924281985,0.0,0.0,1.0,0.0,0.0,0.06422976501305483,0.9890339425587468,0.7775650800860885,0.8813546537939357,0.48175182481751827,0.3795620437956204,1915,21,"{""gbm"": 0.5, ""spf"": 0.5}"
7,8,1915,fusion_equal,bias,0.9300261096605744,0.4248097045040277,0.9661572052401747,0.09009009009009009,0.21818181818181817,0.9562398703403565,0.16666666666666666,0.17647058823529413,0.9762824048538334,0.06172839506172839,0.2857142857142857,0.08720626631853785,0.9827676240208877,0.7775650800860885,0.8813546537939357,0.48175182481751827,0.3795620437956204,1915,21,"{""gbm"": 0.5, ""spf"": 0.5}"
7,8,1915,fusion_equal,thresholds,0.9195822454308094,0.4580962399147601,0.9602649006622517,0.20125786163522014,0.2127659574468085,0.9607951408061844,0.20512820512820512,0.19230769230769232,0.9597352454495311,0.19753086419753085,0.23809523809523808,0.09451697127937336,0.9859007832898172,0.7775650800860885,0.8813546537939357,0.48175182481751827,0.3795620437956204,1915,21,"{""gbm"": 0.5, ""spf"": 0.5}"
7,8,1915,fusion_valsel,argmax,0.9472584856396867,0.35460318234667576,0.9729004561309365,0.0,0.09090909090909091,0.9472309299895507,0.0,1.0,1.0,0.0,0.047619047619047616,0.06318537859007833,0.9895561357702349,0.7793171322583088,0.8795947101121335,0.45985401459854014,0.39416058394160586,1915,21,"{""gbm"": 0.6, ""spf"": 0.4}"
7,8,1915,fusion_valsel,bias,0.9258485639686684,0.4573010893998548,0.9635116598079561,0.15384615384615385,0.2545454545454545,0.9585152838427947,0.20408163265306123,0.20588235294117646,0.9685603971318257,0.12345679012345678,0.3333333333333333,0.09086161879895562,0.983289817232376,0.7793171322583088,0.8795947101121335,0.45985401459854014,0.39416058394160586,1915,21,"{""gbm"": 0.6, ""spf"": 0.4}"
7,8,1915,fusion_valsel,thresholds,0.9206266318537859,0.4515239163446494,0.9611248966087675,0.19736842105263158,0.19607843137254902,0.9608599779492834,0.2112676056338028,0.16666666666666666,0.9613899613899614,0.18518518518518517,0.23809523809523808,0.09503916449086162,0.9843342036553525,0.7793171322583088,0.8795947101121335,0.45985401459854014,0.39416058394160586,1915,21,"{""gbm"": 0.6, ""spf"": 0.4}"
