model,decoder,n_test_mean,n_test_std,accuracy_mean,accuracy_std,macro_f1_mean,macro_f1_std,f1_0_mean,f1_0_std,f1_1_mean,f1_1_std,f1_2_mean,f1_2_std,prec_0_mean,prec_0_std,prec_1_mean,prec_1_std,prec_2_mean,prec_2_std,rec_0_mean,rec_0_std,rec_1_mean,rec_1_std,rec_2_mean,rec_2_std,mae_mean,mae_std,adjacent_acc_mean,adjacent_acc_std,auc_any_mean,auc_any_std,auc_repeat_mean,auc_repeat_std,top10_capture_count_mean,top10_capture_count_std,top10_capture_length_mean,top10_capture_length_std,n_mean,n_std,n_pos2_mean,n_pos2_std
m0,argmax,2444.25,710.6292483225192,0.9000355699778645,0.06888508989145387,0.31538232258086596,0.013044317990374758,0.9461469677425979,0.03913295397112431,0.0,0.0,0.0,0.0,0.9000355699778645,0.06888508989145387,0.0,0.0,0.0,0.0,1.0,0.0,0.0,0.0,0.0,0.0,0.1322497452957737,0.10163613385041739,0.9677146847263618,0.03281336476449353,0.5,0.0,0.5,0.0,0.09375813509972582,0.027429015201170772,0.09159393299199303,0.027448878591602062,2444.25,710.6292483225192,65.625,59.58891915208972
m1,argmax,2444.25,710.6292483225192,0.5482908743010547,0.09293101022528232,0.2834751164991195,0.01882977965335516,0.7095713698423542,0.0876656599175059,0.04876306079553017,0.023144275592773253,0.09209091885947396,0.06803708405374888,0.924548173453403,0.06267073463984842,0.03982243409795776,0.02305720282142976,0.05246773210920831,0.042270628492040205,0.57807159136699,0.09086130229511255,0.06877139350275874,0.02088756130591469,0.6346611948095213,0.11714252367299816,0.72567460148266,0.15051183459108136,0.7260345242162852,0.06085237648336708,0.622684609505715,0.057998218542727235,0.662270376386441,0.08746886448655312,0.17806664929818256,0.046914470402468864,0.15467845089556195,0.050683302234849854,2444.25,710.6292483225192,65.625,59.58891915208972
spf,argmax,2444.25,710.6292483225192,0.895069877925567,0.0717354289062572,0.33055100470204746,0.023719489468111612,0.9436176523553631,0.04073921726772133,0.015013053728471195,0.02092746079802987,0.033022308022308024,0.056526294645590065,0.9015237004650535,0.06741063760117524,0.06150539926115374,0.08953621231018555,0.08626126126126125,0.13496407019028164,0.9921482037089635,0.01476656644587772,0.008670994052530252,0.012142823521070115,0.025638255810669607,0.04421677851121973,0.1396071665901134,0.10531719527939343,0.9653229554843196,0.033635500149712456,0.7386868020931717,0.01395839180604114,0.8332241160982488,0.054608531517244326,0.39141718751545196,0.0746371876603053,0.19714102106712236,0.051139229109854856,2444.25,710.6292483225192,65.625,59.58891915208972
spf,bias,2444.25,710.6292483225192,0.8336468248043255,0.07495905462550108,0.4077586578216478,0.02381750551543885,0.9132021985622957,0.04297175583729394,0.16688303018668715,0.031700845016948136,0.1431907447159605,0.06486682722883425,0.9251713185059725,0.05315257897489982,0.15410672929012492,0.04729093766670446,0.1568664867318763,0.1172179166890173,0.9029979165597886,0.04803223794232068,0.19541880044031645,0.03386589057635614,0.2238091289181553,0.10010311965875145,0.20852372665774643,0.10367838902154085,0.9578294485379281,0.030216777023529786,0.7386868020931717,0.01395839180604114,0.8332241160982488,0.054608531517244326,0.39141718751545196,0.0746371876603053,0.19714102106712236,0.051139229109854856,2444.25,710.6292483225192,65.625,59.58891915208972
spf,thresholds,2444.25,710.6292483225192,0.8336439973780155,0.073477625967228,0.41019637910933066,0.02330511117302593,0.9126614900357063,0.042316283336727926,0.1696942850637108,0.03182132462076601,0.14823336222857492,0.060492192062753934,0.9243810401785154,0.054435278527819986,0.1575350309983209,0.052557685560090446,0.16787340456369954,0.12079272238243823,0.9033117375233662,0.05177537013142606,0.20611953291208163,0.0463335984843014,0.21577066665175185,0.09460405412827852,0.2068271740888568,0.10424652624489027,0.9595288285331276,0.0318120752683085,0.7386868020931717,0.01395839180604114,0.8332241160982488,0.054608531517244326,0.39141718751545196,0.0746371876603053,0.19714102106712236,0.051139229109854856,2444.25,710.6292483225192,65.625,59.58891915208972
gbm,argmax,2444.25,710.6292483225192,0.883360005472983,0.07714033649879086,0.4177773983236451,0.035757897221956034,0.9408166077175685,0.04024604353627116,0.11735683099740409,0.059285166733962655,0.19515875625596257,0.08817187685967742,0.9172896582157579,0.053420460910041774,0.19442497327375546,0.05070755075989493,0.28831775438043616,0.18357425471148903,0.9664112787234161,0.03156650498790187,0.08965757355169017,0.056944628172206864,0.17902171797328997,0.09459509085539008,0.14647215403686933,0.10383339591811383,0.9701678404901477,0.026966855595602777,0.7434796304853484,0.031754172729227356,0.8295861192471303,0.06974949112023955,0.4143337881907202,0.06971916787811945,0.3682698943565981,0.06305462361684151,2444.25,710.6292483225192,65.625,59.58891915208972
gbm,bias,2444.25,710.6292483225192,0.8470984335269056,0.0817357578764703,0.43203393539478174,0.02909899811143698,0.9197006803680545,0.045815859752688655,0.16044345523787987,0.05099968685670152,0.21595767057841098,0.08472140307804932,0.9259084112439911,0.046844146740266414,0.16536801937033366,0.054969599199723114,0.2070980126773423,0.10544419283297789,0.9141012336917819,0.050459263821637054,0.17747113308605256,0.0811478919447421,0.2832485560553512,0.10635191085908983,0.18641252153121174,0.1026639516015015,0.9664890449418826,0.022820780106538135,0.7434796304853484,0.031754172729227356,0.8295861192471303,0.06974949112023955,0.4143337881907202,0.06971916787811945,0.3682698943565981,0.06305462361684151,2444.25,710.6292483225192,65.625,59.58891915208972
gbm,thresholds,2444.25,710.6292483225192,0.8394003156491472,0.10184681870185684,0.4386940606653212,0.028066721362593996,0.9151993263364561,0.057532748757611614,0.16664310275772554,0.04256349036865867,0.23423975290178212,0.08009471288444141,0.9301839449270022,0.043320655470399545,0.15438049179923666,0.03463184819059411,0.24441876054526634,0.1346243057391661,0.9021123411790043,0.07659825816196568,0.1960072849024134,0.07285388320854969,0.2633765471937379,0.10967213202260707,0.18913490185867304,0.12479920994131613,0.9714647824921798,0.024515336402960563,0.7434796304853484,0.031754172729227356,0.8295861192471303,0.06974949112023955,0.4143337881907202,0.06971916787811945,0.3682698943565981,0.06305462361684151,2444.25,710.6292483225192,65.625,59.58891915208972
fusion,argmax,2444.25,710.6292483225192,0.8932285731227718,0.07216672689477366,0.410195122148108,0.027655366080281532,0.9450222019371637,0.03881090539589978,0.07172465156403121,0.0705451742712549,0.21383851294312908,0.04546638295670152,0.9137930810181712,0.05615370501800565,0.2363283165016178,0.1242091698364482,0.3265200701943835,0.16351867358546412,0.9796902783697448,0.02678531361467859,0.04925992945819225,0.055486712833263466,0.18672998579185193,0.0632843343236929,0.13870731703914374,0.10172074175758238,0.9680641098380844,0.02964003078792738,0.7694770500170698,0.028537837172435396,0.8629085776973812,0.05516129897860228,0.4349416563448468,0.07725853964225426,0.3739034969414777,0.065173611841632,2444.25,710.6292483225192,65.625,59.58891915208972
fusion,bias,2444.25,710.6292483225192,0.8508837084511164,0.08814575871030292,0.43605150043760194,0.026993961755571384,0.9218766676814176,0.04932852748866573,0.1649826117670118,0.05074773941889091,0.22129522186437645,0.06454538779525866,0.9263460690546234,0.050665814907778446,0.18438579655607348,0.058465317090247465,0.24772433271083283,0.1655454206345942,0.9204742084569153,0.07174454465459736,0.1879929752955302,0.10683229466529498,0.26810376501045874,0.10109805293137206,0.18154700409618382,0.11301195017039163,0.9675692874526998,0.028492225743536385,0.7694770500170698,0.028537837172435396,0.8629085776973812,0.05516129897860228,0.4349416563448468,0.07725853964225426,0.3739034969414777,0.065173611841632,2444.25,710.6292483225192,65.625,59.58891915208972
fusion,thresholds,2444.25,710.6292483225192,0.832442903673508,0.09685117084946893,0.4562224580257787,0.02875937580087104,0.9106632702391676,0.05601262279640922,0.1841573012152489,0.0391830581377518,0.2738468026229197,0.09478270438218941,0.9359595056179673,0.03851818399322437,0.1620255916275538,0.03786100218627994,0.25393617952101677,0.11560878214374531,0.8888090079822233,0.0801392338413828,0.24560631661512222,0.09538680287182774,0.3242058447053376,0.10745032007792736,0.19639950645706086,0.12124417286506263,0.9711575898694311,0.02555981533057473,0.7694770500170698,0.028537837172435396,0.8629085776973812,0.05516129897860228,0.4349416563448468,0.07725853964225426,0.3739034969414777,0.065173611841632,2444.25,710.6292483225192,65.625,59.58891915208972
fusion_equal,argmax,2444.25,710.6292483225192,0.8971311607057358,0.06958424193803357,0.3817417960225925,0.032540858193066964,0.9461384169467968,0.038162878941100487,0.037095028424405,0.0536527412240361,0.16199194269657563,0.07490098595713775,0.9086626837170021,0.06054926383996071,0.17089148877941981,0.14496066156901305,0.3834547397047397,0.3155403588704017,0.9885281043606869,0.01849585044755608,0.02355874354464497,0.03600907592096586,0.12641346875626794,0.07146167632711638,0.13474424531282606,0.09966937928100361,0.9681245939814381,0.030099139414793794,0.7688724971355427,0.02633647186766041,0.863197172741247,0.053994155776373766,0.4460143233483528,0.07862571616491314,0.35944379796010995,0.06343805241176231,2444.25,710.6292483225192,65.625,59.58891915208972
fusion_equal,bias,2444.25,710.6292483225192,0.855161397884907,0.0957585655527083,0.4295191957882779,0.026967126798668202,0.9241800093171927,0.05413195870269833,0.16327045178864555,0.06724659669622166,0.2011071262589954,0.06849434389502679,0.9284107744943845,0.04615541846923057,0.18119423233274803,0.05237122308587185,0.25109302422762086,0.16473999544889076,0.9232788654270967,0.08123264773190303,0.1917112441184265,0.14409879299661846,0.22725355735624497,0.10048883450888851,0.170516636098505,0.1105761963346499,0.974321966016588,0.016509554971904608,0.7688724971355427,0.02633647186766041,0.863197172741247,0.053994155776373766,0.4460143233483528,0.07862571616491314,0.35944379796010995,0.06343805241176231,2444.25,710.6292483225192,65.625,59.58891915208972
fusion_equal,thresholds,2444.25,710.6292483225192,0.8357302857042536,0.0894729253580207,0.4434406709384787,0.029663066704726904,0.913483656156806,0.05193430028186554,0.17891483692986612,0.045483936611042476,0.23792351972876397,0.07691732596121968,0.9336434893476461,0.044786175908959364,0.17026375485034026,0.07639683489508277,0.2583499283044044,0.1716398969503225,0.897669850204416,0.08035492489528713,0.21827624777457963,0.0574829145118473,0.33002352628366827,0.1477523775389266,0.19898094241752837,0.1227257969523182,0.965288771878218,0.033779487041466716,0.7688724971355427,0.02633647186766041,0.863197172741247,0.053994155776373766,0.4460143233483528,0.07862571616491314,0.35944379796010995,0.06343805241176231,2444.25,710.6292483225192,65.625,59.58891915208972
fusion_valsel,argmax,2444.25,710.6292483225192,0.8871468913675077,0.08006447201386126,0.3869693130011023,0.05020260627627723,0.9413655563416701,0.04286525318486869,0.07797370673658516,0.0920471211272472,0.1415686759250518,0.09607420553184315,0.9146844052128346,0.05305728059029137,0.18081401473017156,0.16793828747017636,0.3361348245778002,0.3239594197558081,0.9714818753638471,0.05014886291336305,0.07068370741688929,0.09470917751030343,0.160180334907769,0.17276788838531207,0.14501089106905463,0.1112068143351876,0.9678422175634377,0.03139652940518761,0.7686561886383043,0.024937381245063627,0.8622753925442481,0.05250834042516758,0.44384564505188695,0.06682432731146554,0.3689223838510576,0.07232157672832844,2444.25,710.6292483225192,65.625,59.58891915208972
fusion_valsel,bias,2444.25,710.6292483225192,0.8554712372619706,0.08801908022133648,0.43341684754323045,0.02508616513731701,0.9250045973041494,0.04879202118163858,0.17462738660070973,0.04263972439762134,0.20061855872483225,0.07333578684150886,0.92790530023388,0.0460313845473083,0.18532584246781558,0.04606536398382148,0.2543233145193533,0.15930478284558466,0.9240226801766829,0.0662606133147274,0.18765798298083453,0.08384047140680412,0.2586341921788169,0.1496688931083075,0.17526411482741147,0.11480705882910883,0.969264647910618,0.02827566623474424,0.7686561886383043,0.024937381245063627,0.8622753925442481,0.05250834042516758,0.44384564505188695,0.06682432731146554,0.3689223838510576,0.07232157672832844,2444.25,710.6292483225192,65.625,59.58891915208972
fusion_valsel,thresholds,2444.25,710.6292483225192,0.8271881841467468,0.10866512866450251,0.4446493191164925,0.03445139237512835,0.9063414294219139,0.06751097295362382,0.17403312832278148,0.05457490817883936,0.2535733996047821,0.1057213102188507,0.9369452162150674,0.038329502229604476,0.15181890356491778,0.04942687768133813,0.2432691808626876,0.1586815303463239,0.8819916051967,0.10092925568679946,0.23358590213596542,0.11003616973106468,0.34964518588377613,0.12983728229658623,0.20173543158246465,0.1304746574892635,0.9710763842707886,0.022437117018704357,0.7686561886383043,0.024937381245063627,0.8622753925442481,0.05250834042516758,0.44384564505188695,0.06682432731146554,0.3689223838510576,0.07232157672832844,2444.25,710.6292483225192,65.625,59.58891915208972
xattn,argmax,2444.25,710.6292483225192,0.858837269998103,0.09587741496163586,0.4307091691804628,0.0377797348301288,0.9274558051401349,0.05253075042880928,0.13069769317886043,0.07497687959421334,0.23397400922239298,0.08463143290743225,0.9299932848415109,0.040099761856865875,0.1763956813452076,0.07750727679336047,0.19699738793493712,0.11384715651861965,0.9262969913889045,0.07127541314306007,0.12221555141883175,0.08887894209808872,0.34723211723084946,0.1155958056496749,0.18388297347308957,0.13229637055365512,0.9572797565288075,0.03806210511960779,0.7704367644092188,0.031610144478752336,0.8644950520052113,0.0584962294245027,0.435103856785065,0.07356947678325391,0.378022398515918,0.07677156784944461,2444.25,710.6292483225192,65.625,59.58891915208972
xattn,bias,2444.25,710.6292483225192,0.8369409154094425,0.11475081227586977,0.4388778875058474,0.028892609642212096,0.9129788063975628,0.06779001025569058,0.17542211984886164,0.048332026707772174,0.22823273627111776,0.07321638847707335,0.9352822639771765,0.03786896391621313,0.174140370974781,0.04688373561485848,0.21501263976551108,0.1274026638555358,0.8962146595454958,0.10404652297021105,0.20201296983091918,0.08862886369036796,0.31638429469311824,0.12474802861264482,0.20085602440008493,0.15282259391014566,0.9622030601904726,0.03964049458633382,0.7704367644092188,0.031610144478752336,0.8644950520052113,0.0584962294245027,0.435103856785065,0.07356947678325391,0.378022398515918,0.07677156784944461,2444.25,710.6292483225192,65.625,59.58891915208972
xattn,thresholds,2444.25,710.6292483225192,0.8109107852482246,0.13300770385432156,0.432206761002718,0.036323408756302265,0.8937931411929564,0.08591980368377404,0.1699768676322833,0.06227691622669687,0.2328502741829142,0.08956587115602425,0.9365708588911024,0.04009235873330489,0.14800949404733382,0.06817070703664878,0.2568282111407689,0.1772413925903375,0.86384510980725,0.13566194063673268,0.24588713162574294,0.12671824617157185,0.3104114658754618,0.15772720537497564,0.22087145624592314,0.15931174529247985,0.9682177585058522,0.03047745274291993,0.7704367644092188,0.031610144478752336,0.8644950520052113,0.0584962294245027,0.435103856785065,0.07356947678325391,0.378022398515918,0.07677156784944461,2444.25,710.6292483225192,65.625,59.58891915208972
xattn_concat,argmax,2444.25,710.6292483225192,0.8637894644364463,0.0901374975487207,0.4277340067755757,0.035880324839758636,0.9308223494660427,0.04940102793055505,0.11789975312664118,0.08915067874740977,0.23447991773404325,0.06505002339748621,0.9291836799609478,0.04190583191824591,0.15613531622497684,0.09020844087425045,0.22078109813906419,0.17568204900042997,0.9340456594135352,0.06671403822085013,0.10583538399448103,0.08867068691084455,0.3798499929775285,0.14170517186679282,0.17952673724770693,0.1262998483106995,0.9566837983158467,0.03834887662005823,0.771882147088987,0.029185466429758798,0.8673792079299281,0.056878151815998174,0.43899490324591256,0.07815096965389166,0.3877331918355649,0.07425622249127559,2444.25,710.6292483225192,65.625,59.58891915208972
xattn_concat,bias,2444.25,710.6292483225192,0.8369127971882975,0.09932665499416897,0.4391997786146522,0.028925262671663114,0.9143240100006387,0.05883482777358707,0.17334329715838215,0.06255920297729062,0.22993202868493567,0.06425705363998926,0.9357955576027093,0.0383666058641252,0.1580292906430992,0.05791601423249045,0.22287471955261162,0.16347678292372536,0.8970752500059836,0.08653246413213805,0.1990217389737047,0.07483036556097908,0.3703243160203099,0.1798045148142632,0.2019173584017533,0.1348293193577133,0.9611698444099492,0.03687284955560807,0.771882147088987,0.029185466429758798,0.8673792079299281,0.056878151815998174,0.43899490324591256,0.07815096965389166,0.3877331918355649,0.07425622249127559,2444.25,710.6292483225192,65.625,59.58891915208972
xattn_concat,thresholds,2444.25,710.6292483225192,0.8238152488272569,0.12305448489211655,0.43847911071422346,0.03581451260098787,0.9034544847095892,0.07670203917150065,0.17685078992936273,0.0527958718663853,0.23513205750371832,0.09394746599368149,0.9373890376148982,0.036947154245237694,0.16014628958018226,0.05840981090815101,0.2518256314928942,0.1927348816664293,0.8783834588987942,0.11989757589975746,0.2306635711717857,0.09759803867230342,0.3179591936374391,0.18137377294399207,0.20788770292797362,0.15296672116558088,0.9682970482447695,0.031008648618305112,0.771882147088987,0.029185466429758798,0.8673792079299281,0.056878151815998174,0.43899490324591256,0.07815096965389166,0.3877331918355649,0.07425622249127559,2444.25,710.6292483225192,65.625,59.58891915208972
