metric,value,all,level2,pred2,looks_safe_has_crashes,looks_risky_no_crashes
n_subblocks,,19554.0,525.0,662.0,176.0,330.0
mean_mu,,0.2411,0.7144,1.0884,0.3074,1.0741
mean_length_m,,89.5801,108.9855,126.1524,101.048,132.4191
crashes_total,,2742.0,1539.0,771.0,450.0,0.0
mean_intersection_share_of_crashes,sub-blocks with >=1 crash,0.2535,0.2266,0.2152,0.2092,
pooled_intersection_share_of_crashes,sum int / sum crashes,0.2378,0.2164,0.1958,0.2178,
mean_midblock_share_of_crashes,sub-blocks with >=1 crash,0.7465,0.7734,0.7848,0.7908,
net_max_legs,share >= 4,0.5765,0.8248,0.9154,0.7386,0.9212
net_max_legs,mean,3.5209,3.9086,4.0257,3.767,4.0333
net_max_legs,share <= 2,0.0917,0.0229,0.006,0.0341,0.003
net_max_legs,share == 3,0.3319,0.1524,0.0785,0.2273,0.0758
net_max_legs,share == 4,0.5421,0.7219,0.8066,0.6818,0.8182
net_max_legs,share >= 5,0.0343,0.1029,0.1088,0.0568,0.103
ddot_fhwa_class_share,1,0.0002,0.0,0.0,0.0,0.0
ddot_fhwa_class_share,2,0.0021,0.0,0.0045,0.0,0.0091
ddot_fhwa_class_share,3,0.0794,0.3276,0.4486,0.1364,0.4424
ddot_fhwa_class_share,4,0.1406,0.4133,0.4607,0.2614,0.4455
ddot_fhwa_class_share,5,0.132,0.1314,0.077,0.2386,0.097
ddot_fhwa_class_share,6,0.0115,0.0095,0.0,0.0284,0.0
ddot_fhwa_class_share,7,0.6228,0.1181,0.0091,0.3352,0.0061
ddot_fhwa_class_share,missing,0.0114,0.0,0.0,0.0,0.0
osmf_highway_share,cycleway,0.0101,0.0019,0.0,0.0057,0.0
osmf_highway_share,footway,0.0004,0.0,0.0,0.0,0.0
osmf_highway_share,living_street,0.0014,0.0019,0.0,0.0057,0.0
osmf_highway_share,path,0.0014,0.0,0.0,0.0,0.0
osmf_highway_share,primary,0.0922,0.301,0.3912,0.1477,0.397
osmf_highway_share,primary_link,0.0084,0.0,0.0,0.0,0.0
osmf_highway_share,residential,0.5967,0.1086,0.003,0.3239,0.0061
osmf_highway_share,secondary,0.1087,0.301,0.3278,0.2102,0.3
osmf_highway_share,secondary_link,0.0015,0.0,0.0,0.0,0.0
osmf_highway_share,tertiary,0.1451,0.1943,0.145,0.25,0.1576
osmf_highway_share,tertiary_link,0.0009,0.0,0.0,0.0,0.0
osmf_highway_share,trunk,0.0157,0.0857,0.1329,0.0455,0.1394
osmf_highway_share,trunk_link,0.0012,0.0,0.0,0.0,0.0
osmf_highway_share,unclassified,0.0164,0.0057,0.0,0.0114,0.0
ddot_bike_best_share,0.0,0.8898,0.6133,0.4668,0.7727,0.4909
ddot_bike_best_share,1.0,0.0763,0.24,0.2991,0.1818,0.2939
ddot_bike_best_share,2.0,0.0137,0.0476,0.077,0.017,0.0788
ddot_bike_best_share,3.0,0.0201,0.099,0.1571,0.0284,0.1364
osmf_bike_best_share,0.0,0.8453,0.5219,0.3701,0.6818,0.3879
osmf_bike_best_share,0.5,0.0389,0.059,0.0589,0.0739,0.0606
osmf_bike_best_share,1.0,0.0709,0.1752,0.2281,0.1591,0.2667
osmf_bike_best_share,2.0,0.0017,0.0076,0.0091,0.0057,0.0091
osmf_bike_best_share,3.0,0.0432,0.2362,0.3338,0.0795,0.2758
ddot_bike_best,share > 0 (any facility),0.1102,0.3867,0.5332,0.2273,0.5091
osmf_bike_best,share > 0 (any facility),0.1547,0.4781,0.6299,0.3182,0.6121
ward_count,Ward 1,1296.0,104.0,82.0,30.0,21.0
ward_count,Ward 2,2250.0,185.0,252.0,45.0,128.0
ward_count,Ward 3,2886.0,12.0,17.0,1.0,10.0
ward_count,Ward 4,3462.0,37.0,60.0,14.0,32.0
ward_count,Ward 5,3078.0,68.0,50.0,42.0,31.0
ward_count,Ward 6,1986.0,87.0,152.0,28.0,77.0
ward_count,Ward 7,2681.0,11.0,30.0,4.0,21.0
ward_count,Ward 8,1915.0,21.0,19.0,12.0,10.0
ward_share,Ward 1,0.0663,0.1981,0.1239,0.1705,0.0636
ward_share,Ward 2,0.1151,0.3524,0.3807,0.2557,0.3879
ward_share,Ward 3,0.1476,0.0229,0.0257,0.0057,0.0303
ward_share,Ward 4,0.177,0.0705,0.0906,0.0795,0.097
ward_share,Ward 5,0.1574,0.1295,0.0755,0.2386,0.0939
ward_share,Ward 6,0.1016,0.1657,0.2296,0.1591,0.2333
ward_share,Ward 7,0.1371,0.021,0.0453,0.0227,0.0636
ward_share,Ward 8,0.0979,0.04,0.0287,0.0682,0.0303
weak_match_share,,0.0051,0.0057,0.003,0.0057,0.0
ref_lts_share,LTS 1,0.0201,0.099,0.1571,0.0284,0.1364
ref_lts_share,LTS 2,0.5565,0.2362,0.1843,0.3977,0.2212
ref_lts_share,LTS 3,0.1151,0.0781,0.0861,0.0795,0.0727
ref_lts_share,LTS 4,0.3083,0.5867,0.5725,0.4943,0.5697
