variant,test_ward,val_f1,test_f1,auc_any,test_acc,maj_f1,thr1,thr2,test_f1_fullthr
concat,1,0.4874051394013171,0.5146226896456222,0.7770643838059568,0.7746913580246914,0.2950537634408602,0.654512621313334,1.1345126213133345,
concat,2,0.4651379599879575,0.4260867235893493,0.7603441597755741,0.5973333333333334,0.29711751662971175,0.5840431557595728,1.1740431557595725,
concat,3,0.45334220694541655,0.42060358980136225,0.8117499154834347,0.8998613998613999,0.327336860670194,0.7734605513513085,1.1934605513513081,
concat,4,0.45997351922414004,0.43195354880315623,0.7644703488785132,0.9075678798382438,0.32326538709517433,0.6696540534496305,1.22965405344963,
concat,5,0.47060102366991124,0.40212175750737456,0.7896097735923273,0.8888888888888888,0.31957600360847993,0.846427618861198,1.2764276188611978,
concat,6,0.4489086974488831,0.42896991143103186,0.7282048281433906,0.6842900302114804,0.31027366532077166,0.5751890397071836,1.0551890397071833,
concat,7,0.5255675279622392,0.40064595191164853,0.7406925985653118,0.8955613577023499,0.32622222222222225,0.5061768488585947,1.0261768488585945,
concat,8,0.4782535211474633,0.4520816890459695,0.802921168467387,0.9321148825065274,0.3242131616595136,0.9100216539204117,1.3300216539204115,
xattn,1,0.4814631071316899,0.5097397791218666,0.7757067514003996,0.7878086419753086,0.2950537634408602,0.8138841396570202,1.2838841396570198,0.5097397791218666
xattn,2,0.46627115195136776,0.43330462029440486,0.7571276898450553,0.6066666666666667,0.29711751662971175,0.6283297972381112,1.1983297972381108,0.43330462029440486
xattn,3,0.46158595596572355,0.4253013055990385,0.8164898861843588,0.8745668745668745,0.327336860670194,0.5487428234517572,1.1587428234517567,0.4253013055990385
xattn,4,0.45964459692527176,0.4251628111780939,0.7676763249024678,0.9113229347198152,0.32326538709517433,0.6665799741446969,1.1165799741446967,0.4251628111780939
xattn,5,0.48174311828932864,0.41865962063644296,0.7824022120156877,0.8999350227420403,0.31957600360847993,0.8830564153194423,1.203056415319442,0.41865962063644296
xattn,6,0.4505157452487505,0.40447377598437856,0.7197363357510808,0.608257804632427,0.31027366532077166,0.6072320485115049,1.2572320485115047,0.40447377598437856
xattn,7,0.5258924767989962,0.3902643736659585,0.7410227715064227,0.9015292801193584,0.32622222222222225,0.5132775953412054,0.9932775953412052,0.3902643736659585
xattn,8,0.4723052712780302,0.4496794871794872,0.8033321436682781,0.9232375979112272,0.3242131616595136,0.7492153483629224,1.329215348362922,0.4496794871794872
xattn_no_ddot,1,0.44917217313303875,0.4725453256123497,0.752426813421998,0.7800925925925926,0.2950537634408602,0.7336705422401425,1.0636705422401422,0.4160604265824168
xattn_no_ddot,2,0.43034775399383846,0.43798633119950664,0.7284577365126997,0.6542222222222223,0.29711751662971175,0.6183366662263867,0.9983366662263866,0.4100576951107327
xattn_no_ddot,3,0.4213398092753938,0.39644147362460974,0.7985371591165201,0.8742203742203742,0.327336860670194,0.6976367002725606,0.9876367002725609,0.3700502503331014
xattn_no_ddot,4,0.452284741949412,0.3792738187317062,0.7499746817074958,0.8974581166955518,0.32326538709517433,0.7375482478737828,1.0675482478737828,0.386229088982476
xattn_no_ddot,5,0.45912847169186194,0.39962362430393866,0.7609574025012437,0.8641975308641975,0.31957600360847993,0.6490359400212762,1.089035940021276,0.3878740650892549
xattn_no_ddot,6,0.4143414514258504,0.4324634663405033,0.7262964354916023,0.7044310171198389,0.31027366532077166,0.6554473732411866,1.0754473732411869,0.4100215454933336
xattn_no_ddot,7,0.480355158933877,0.39256658595641647,0.740379803147417,0.8728086534875047,0.32622222222222225,0.5609450043737886,1.1109450043737885,0.3969988085481024
xattn_no_ddot,8,0.44200925994197066,0.42987775105998866,0.7652466391962189,0.8788511749347259,0.3242131616595136,0.6409588380157945,1.0809588380157944,0.40742042056625016
xattn_no_osm,1,0.46770006675194725,0.4776840844851204,0.7732535496809745,0.7770061728395061,0.2950537634408602,0.8921422311663624,1.282142231166362,0.4808060930886082
xattn_no_osm,2,0.4655393345052663,0.4140491980430083,0.7549403398728203,0.6248888888888889,0.29711751662971175,0.6585115150362251,1.4885115150362247,0.4281094883307463
xattn_no_osm,3,0.46520313440340605,0.4201348713907514,0.8101018424611224,0.876992376992377,0.327336860670194,0.5410645622014998,1.2310645622014995,0.42013500931098696
xattn_no_osm,4,0.44069485750650655,0.46135715740175115,0.7548206784697774,0.9168110918544194,0.32326538709517433,0.7082755379378792,1.068275537937879,0.43782689545642534
xattn_no_osm,5,0.44661798406258085,0.4103434997998748,0.7719205895623402,0.900909681611436,0.31957600360847993,0.8876248787343498,1.2076248787343498,0.4098214361305102
xattn_no_osm,6,0.4429895226505396,0.3946288340825888,0.7046019718557094,0.6263846928499497,0.31027366532077166,0.5979220952093599,1.1379220952093596,0.3856200290649298
xattn_no_osm,7,0.5266364862228895,0.4413302630824294,0.7394344658844465,0.9343528534129056,0.32622222222222225,0.6633972218632695,1.1133972218632695,0.4193647761431629
xattn_no_osm,8,0.46570294461475875,0.39412184619260165,0.787098623233077,0.9347258485639687,0.3242131616595136,0.7979274857044216,1.1679274857044213,0.38334867269413314
